cam-1,ADEL,538.4
cam-1,ADER,538.4
cam-1,ADLL,129.1
cam-1,ADLR,129.1
cam-1,AFDL,121.5
cam-1,AFDR,121.5
cam-1,AIBL,653.9
cam-1,AIBR,653.9
cam-1,AINL,165.0
cam-1,AINR,165.0
cam-1,AIZL,413.0
cam-1,AIZR,413.0
cam-1,ALA,567.4
cam-1,ASEL,194.5
cam-1,ASER,194.5
cam-1,ASHL,326.2
cam-1,ASHR,326.2
cam-1,ASJL,151.2
cam-1,ASJR,151.2
cam-1,ASKL,70.3
cam-1,ASKR,70.3
cam-1,AUAL,514.4
cam-1,AUAR,514.4
cam-1,AVAL,639.4
cam-1,AVAR,639.4
cam-1,AVBL,517.5
cam-1,AVBR,517.5
cam-1,AVDL,867.4
cam-1,AVDR,867.4
cam-1,AVEL,658.7
cam-1,AVER,658.7
cam-1,AVHL,329.2
cam-1,AVHR,329.2
cam-1,AVJL,1205.1
cam-1,AVJR,1205.1
cam-1,AVKL,501.3
cam-1,AVKR,501.3
cam-1,AVL,424.9
cam-1,AVL,424.9
cam-1,AWAL,69.8
cam-1,AWAR,69.8
cam-1,AWBL,299.1
cam-1,AWBR,299.1
cam-1,AWCL,179.9
cam-1,AWCR,179.9
cam-1,BAGL,247.0
cam-1,BAGR,247.0
cam-1,CEPDL,496.1
cam-1,CEPDR,496.1
cam-1,CEPVL,496.1
cam-1,CEPVR,496.1
cam-1,DVC,685.3
cam-1,IL1DL,695.5
cam-1,IL1DR,695.5
cam-1,IL1L,695.5
cam-1,IL1R,695.5
cam-1,IL1VL,695.5
cam-1,IL1VR,695.5
cam-1,IL2DL,679.7
cam-1,IL2DR,679.7
cam-1,IL2L,679.7
cam-1,IL2R,679.7
cam-1,IL2VL,679.7
cam-1,IL2VR,679.7
cam-1,OLLL,1443.0
cam-1,OLLR,1443.0
cam-1,OLQDL,1443.0
cam-1,OLQDR,1443.0
cam-1,OLQVL,1443.0
cam-1,OLQVR,1443.0
cam-1,PVCL,323.2
cam-1,PVCR,323.2
cam-1,PVPL,229.4
cam-1,PVPR,229.4
cam-1,RIAL,513.0
cam-1,RIAR,513.0
cam-1,RIBL,604.4
cam-1,RIBR,604.4
cam-1,RICL,413.2
cam-1,RICR,413.2
cam-1,RIH,731.4
cam-1,RIML,733.6
cam-1,RIMR,733.6
cam-1,RIS,411.1
cam-1,RIVL,953.2
cam-1,RIVR,953.2
cam-1,RMDDL,899.1
cam-1,RMDDR,899.1
cam-1,RMDL,899.1
cam-1,RMDR,899.1
cam-1,RMDVL,899.1
cam-1,RMDVR,899.1
cam-1,RMED,1680.7
cam-1,RMED,1680.7
cam-1,RMEL,1680.7
cam-1,RMER,1680.7
cam-1,RMEV,1680.7
cam-1,RMEV,1680.7
cam-1,SIADL,525.1
cam-1,SIADR,525.1
cam-1,SIAVL,525.1
cam-1,SIAVR,525.1
cam-1,SIBDL,334.1
cam-1,SIBDR,334.1
cam-1,SIBVL,334.1
cam-1,SIBVR,334.1
cam-1,SMBDL,440.5
cam-1,SMBDR,440.5
cam-1,SMBVL,440.5
cam-1,SMBVR,440.5
cam-1,SMDDL,738.4
cam-1,SMDDR,738.4
cam-1,SMDVL,738.4
cam-1,SMDVR,738.4
cam-1,URBL,931.1
cam-1,URBR,931.1
cam-1,URXL,339.7
cam-1,URXR,339.7
egl-15,ADEL,34.4
egl-15,ADER,34.4
egl-15,ADLL,68.1
egl-15,ADLR,68.1
ver-3,ALA,1612.8
ver-3,ASEL,29.4
ver-3,ASER,29.4
ver-3,ASHL,47.3
ver-3,ASHR,47.3
ver-3,ASJL,56.8
ver-3,ASJR,56.8
ver-3,AUAL,52.2
ver-3,AUAR,52.2
ver-3,BAGL,38.3
ver-3,BAGR,38.3
ver-3,IL2DL,32.4
ver-3,IL2DR,32.4
ver-3,IL2L,32.4
ver-3,IL2R,32.4
ver-3,IL2VL,32.4
ver-3,IL2VR,32.4
ver-3,RICL,143.6
ver-3,RICR,143.6
ver-3,RMED,32.6
ver-3,RMED,32.6
ver-3,RMEL,32.6
ver-3,RMER,32.6
ver-3,RMEV,32.6
ver-3,RMEV,32.6
clr-1,ADEL,234.0
clr-1,ADER,234.0
clr-1,ADFL,223.7
clr-1,ADFR,223.7
clr-1,ADLL,147.9
clr-1,ADLR,147.9
clr-1,AFDL,130.5
clr-1,AFDR,130.5
clr-1,AIBL,167.9
clr-1,AIBR,167.9
clr-1,AIYL,759.4
clr-1,AIYR,759.4
clr-1,AIZL,345.0
clr-1,AIZR,345.0
clr-1,ASEL,246.4
clr-1,ASER,246.4
clr-1,ASGL,211.0
clr-1,ASGR,211.0
clr-1,ASHL,154.9
clr-1,ASHR,154.9
clr-1,ASJL,149.9
clr-1,ASJR,149.9
clr-1,ASKL,99.2
clr-1,ASKR,99.2
clr-1,AUAL,353.3
clr-1,AUAR,353.3
clr-1,AVAL,217.6
clr-1,AVAR,217.6
clr-1,AVBL,166.1
clr-1,AVBR,166.1
clr-1,AVDL,277.9
clr-1,AVDR,277.9
clr-1,AVEL,156.1
clr-1,AVER,156.1
clr-1,AVHL,238.3
clr-1,AVHR,238.3
clr-1,AVKL,176.6
clr-1,AVKR,176.6
clr-1,AVL,273.8
clr-1,AVL,273.8
clr-1,AWAL,190.6
clr-1,AWAR,190.6
clr-1,AWBL,228.8
clr-1,AWBR,228.8
clr-1,AWCL,209.3
clr-1,AWCR,209.3
clr-1,BAGL,64.1
clr-1,BAGR,64.1
clr-1,CEPDL,122.1
clr-1,CEPDR,122.1
clr-1,CEPVL,122.1
clr-1,CEPVR,122.1
clr-1,DVC,134.3
clr-1,IL1DL,336.2
clr-1,IL1DR,336.2
clr-1,IL1L,336.2
clr-1,IL1R,336.2
clr-1,IL1VL,336.2
clr-1,IL1VR,336.2
clr-1,IL2DL,98.9
clr-1,IL2DR,98.9
clr-1,IL2L,98.9
clr-1,IL2R,98.9
clr-1,IL2VL,98.9
clr-1,IL2VR,98.9
clr-1,OLLL,357.5
clr-1,OLLR,357.5
clr-1,OLQDL,357.5
clr-1,OLQDR,357.5
clr-1,OLQVL,357.5
clr-1,OLQVR,357.5
clr-1,PVPL,529.2
clr-1,PVPR,529.2
clr-1,RIAL,327.5
clr-1,RIAR,327.5
clr-1,RICL,146.7
clr-1,RICR,146.7
clr-1,RIH,195.3
clr-1,RIML,162.2
clr-1,RIMR,162.2
clr-1,RIVL,294.4
clr-1,RIVR,294.4
clr-1,RMDDL,254.4
clr-1,RMDDR,254.4
clr-1,RMDL,254.4
clr-1,RMDR,254.4
clr-1,RMDVL,254.4
clr-1,RMDVR,254.4
clr-1,RMED,333.9
clr-1,RMED,333.9
clr-1,RMEL,333.9
clr-1,RMER,333.9
clr-1,RMEV,333.9
clr-1,RMEV,333.9
clr-1,SIADL,833.7
clr-1,SIADR,833.7
clr-1,SIAVL,833.7
clr-1,SIAVR,833.7
clr-1,SIBDL,305.9
clr-1,SIBDR,305.9
clr-1,SIBVL,305.9
clr-1,SIBVR,305.9
clr-1,SMBDL,384.4
clr-1,SMBDR,384.4
clr-1,SMBVL,384.4
clr-1,SMBVR,384.4
clr-1,SMDDL,170.3
clr-1,SMDDR,170.3
clr-1,SMDVL,170.3
clr-1,SMDVR,170.3
clr-1,URBL,112.3
clr-1,URBR,112.3
clr-1,URXL,161.7
clr-1,URXR,161.7
ptp-3,ADEL,263.0
ptp-3,ADER,263.0
ptp-3,ADLL,138.7
ptp-3,ADLR,138.7
ptp-3,AFDL,138.6
ptp-3,AFDR,138.6
ptp-3,AIBL,242.0
ptp-3,AIBR,242.0
ptp-3,AINL,317.5
ptp-3,AINR,317.5
ptp-3,AIYL,385.8
ptp-3,AIYR,385.8
ptp-3,AIZL,1674.9
ptp-3,AIZR,1674.9
ptp-3,ALA,327.2
ptp-3,ASEL,35.8
ptp-3,ASER,35.8
ptp-3,ASGL,165.6
ptp-3,ASGR,165.6
ptp-3,ASHL,213.8
ptp-3,ASHR,213.8
ptp-3,ASIL,67.0
ptp-3,ASIR,67.0
ptp-3,ASKL,229.3
ptp-3,ASKR,229.3
ptp-3,AUAL,330.6
ptp-3,AUAR,330.6
ptp-3,AVAL,180.6
ptp-3,AVAR,180.6
ptp-3,AVBL,429.4
ptp-3,AVBR,429.4
ptp-3,AVDL,543.2
ptp-3,AVDR,543.2
ptp-3,AVEL,144.9
ptp-3,AVER,144.9
ptp-3,AVHL,600.1
ptp-3,AVHR,600.1
ptp-3,AVJL,369.2
ptp-3,AVJR,369.2
ptp-3,AVKL,249.8
ptp-3,AVKR,249.8
ptp-3,AVL,424.0
ptp-3,AVL,424.0
ptp-3,AWAL,101.5
ptp-3,AWAR,101.5
ptp-3,AWBL,141.0
ptp-3,AWBR,141.0
ptp-3,AWCL,268.0
ptp-3,AWCR,268.0
ptp-3,BAGL,452.9
ptp-3,BAGR,452.9
ptp-3,CEPDL,279.2
ptp-3,CEPDR,279.2
ptp-3,CEPVL,279.2
ptp-3,CEPVR,279.2
ptp-3,DVC,527.6
ptp-3,IL1DL,635.7
ptp-3,IL1DR,635.7
ptp-3,IL1L,635.7
ptp-3,IL1R,635.7
ptp-3,IL1VL,635.7
ptp-3,IL1VR,635.7
ptp-3,IL2DL,59.3
ptp-3,IL2DR,59.3
ptp-3,IL2L,59.3
ptp-3,IL2R,59.3
ptp-3,IL2VL,59.3
ptp-3,IL2VR,59.3
ptp-3,OLLL,291.9
ptp-3,OLLR,291.9
ptp-3,OLQDL,291.9
ptp-3,OLQDR,291.9
ptp-3,OLQVL,291.9
ptp-3,OLQVR,291.9
ptp-3,PVCL,348.8
ptp-3,PVCR,348.8
ptp-3,RIAL,190.2
ptp-3,RIAR,190.2
ptp-3,RIBL,210.5
ptp-3,RIBR,210.5
ptp-3,RICL,491.7
ptp-3,RICR,491.7
ptp-3,RIH,711.1
ptp-3,RIML,641.3
ptp-3,RIMR,641.3
ptp-3,RIS,725.8
ptp-3,RIVL,392.1
ptp-3,RIVR,392.1
ptp-3,RMDDL,329.4
ptp-3,RMDDR,329.4
ptp-3,RMDL,329.4
ptp-3,RMDR,329.4
ptp-3,RMDVL,329.4
ptp-3,RMDVR,329.4
ptp-3,RMED,95.4
ptp-3,RMED,95.4
ptp-3,RMEL,95.4
ptp-3,RMER,95.4
ptp-3,RMEV,95.4
ptp-3,RMEV,95.4
ptp-3,SIBDL,443.3
ptp-3,SIBDR,443.3
ptp-3,SIBVL,443.3
ptp-3,SIBVR,443.3
ptp-3,SMBDL,758.7
ptp-3,SMBDR,758.7
ptp-3,SMBVL,758.7
ptp-3,SMBVR,758.7
ptp-3,SMDDL,461.0
ptp-3,SMDDR,461.0
ptp-3,SMDVL,461.0
ptp-3,SMDVR,461.0
ptp-3,URBL,351.2
ptp-3,URBR,351.2
ptp-3,URXL,327.8
ptp-3,URXR,327.8
ptp-4,ADEL,340.8
ptp-4,ADER,340.8
ptp-4,ADLL,481.7
ptp-4,ADLR,481.7
ptp-4,AIZL,1355.5
ptp-4,AIZR,1355.5
ptp-4,ASHL,160.7
ptp-4,ASHR,160.7
ptp-4,ASJL,38.9
ptp-4,ASJR,38.9
ptp-4,AVBL,144.1
ptp-4,AVBR,144.1
ptp-4,AVEL,423.7
ptp-4,AVER,423.7
ptp-4,AVKL,46.7
ptp-4,AVKR,46.7
ptp-4,AVL,294.7
ptp-4,AVL,294.7
ptp-4,AWAL,158.9
ptp-4,AWAR,158.9
ptp-4,BAGL,37.7
ptp-4,BAGR,37.7
ptp-4,IL1DL,67.9
ptp-4,IL1DR,67.9
ptp-4,IL1L,67.9
ptp-4,IL1R,67.9
ptp-4,IL1VL,67.9
ptp-4,IL1VR,67.9
ptp-4,IL2DL,131.2
ptp-4,IL2DR,131.2
ptp-4,IL2L,131.2
ptp-4,IL2R,131.2
ptp-4,IL2VL,131.2
ptp-4,IL2VR,131.2
ptp-4,OLLL,272.7
ptp-4,OLLR,272.7
ptp-4,OLQDL,272.7
ptp-4,OLQDR,272.7
ptp-4,OLQVL,272.7
ptp-4,OLQVR,272.7
ptp-4,RIBL,299.4
ptp-4,RIBR,299.4
ptp-4,RICL,1664.5
ptp-4,RICR,1664.5
ptp-4,RIVL,292.8
ptp-4,RIVR,292.8
ptp-4,RMDDL,49.5
ptp-4,RMDDR,49.5
ptp-4,RMDL,49.5
ptp-4,RMDR,49.5
ptp-4,RMDVL,49.5
ptp-4,RMDVR,49.5
ptp-4,RMED,218.2
ptp-4,RMED,218.2
ptp-4,RMEL,218.2
ptp-4,RMER,218.2
ptp-4,RMEV,218.2
ptp-4,RMEV,218.2
ptp-4,SIADL,43.1
ptp-4,SIADR,43.1
ptp-4,SIAVL,43.1
ptp-4,SIAVR,43.1
ptp-4,SIBDL,391.1
ptp-4,SIBDR,391.1
ptp-4,SIBVL,391.1
ptp-4,SIBVR,391.1
ptp-4,SMDDL,377.7
ptp-4,SMDDR,377.7
ptp-4,SMDVL,377.7
ptp-4,SMDVR,377.7
ptp-4,URXL,345.2
ptp-4,URXR,345.2
dig-1,DVC,626.2
dig-1,RICL,346.7
dig-1,RICR,346.7
igcm-1,ADEL,103.8
igcm-1,ADER,103.8
igcm-1,ADFL,103.0
igcm-1,ADFR,103.0
igcm-1,ADLL,205.7
igcm-1,ADLR,205.7
igcm-1,AFDL,261.8
igcm-1,AFDR,261.8
igcm-1,ASEL,84.2
igcm-1,ASER,84.2
igcm-1,ASHL,290.0
igcm-1,ASHR,290.0
igcm-1,ASIL,290.3
igcm-1,ASIR,290.3
igcm-1,ASJL,22.4
igcm-1,ASJR,22.4
igcm-1,ASKL,53.1
igcm-1,ASKR,53.1
igcm-1,AUAL,44.4
igcm-1,AUAR,44.4
igcm-1,AVAL,552.8
igcm-1,AVAR,552.8
igcm-1,AVBL,943.3
igcm-1,AVBR,943.3
igcm-1,AWAL,114.5
igcm-1,AWAR,114.5
igcm-1,AWBL,153.8
igcm-1,AWBR,153.8
igcm-1,AWCL,117.4
igcm-1,AWCR,117.4
igcm-1,BAGL,65.0
igcm-1,BAGR,65.0
igcm-1,CEPDL,34.5
igcm-1,CEPDR,34.5
igcm-1,CEPVL,34.5
igcm-1,CEPVR,34.5
igcm-1,IL1DL,238.6
igcm-1,IL1DR,238.6
igcm-1,IL1L,238.6
igcm-1,IL1R,238.6
igcm-1,IL1VL,238.6
igcm-1,IL1VR,238.6
igcm-1,IL2DL,178.1
igcm-1,IL2DR,178.1
igcm-1,IL2L,178.1
igcm-1,IL2R,178.1
igcm-1,IL2VL,178.1
igcm-1,IL2VR,178.1
igcm-1,OLLL,326.8
igcm-1,OLLR,326.8
igcm-1,OLQDL,326.8
igcm-1,OLQDR,326.8
igcm-1,OLQVL,326.8
igcm-1,OLQVR,326.8
igcm-1,RIAL,75.1
igcm-1,RIAR,75.1
igcm-1,SIBDL,73.0
igcm-1,SIBDR,73.0
igcm-1,SIBVL,73.0
igcm-1,SIBVR,73.0
igcm-2,ADEL,48.2
igcm-2,ADER,48.2
igcm-2,ADFL,123.6
igcm-2,ADFR,123.6
igcm-2,AVEL,57.3
igcm-2,AVER,57.3
igcm-2,AWAL,467.5
igcm-2,AWAR,467.5
igcm-2,AWBL,133.2
igcm-2,AWBR,133.2
igcm-3,ADEL,110.1
igcm-3,ADER,110.1
igcm-3,ADFL,229.7
igcm-3,ADFR,229.7
igcm-3,ADLL,257.7
igcm-3,ADLR,257.7
igcm-3,AIBL,118.0
igcm-3,AIBR,118.0
igcm-3,AIZL,535.9
igcm-3,AIZR,535.9
igcm-3,ASEL,82.9
igcm-3,ASER,82.9
igcm-3,ASGL,435.1
igcm-3,ASGR,435.1
igcm-3,ASHL,177.8
igcm-3,ASHR,177.8
igcm-3,ASJL,334.1
igcm-3,ASJR,334.1
igcm-3,ASKL,156.5
igcm-3,ASKR,156.5
igcm-3,AUAL,378.1
igcm-3,AUAR,378.1
igcm-3,AVAL,171.0
igcm-3,AVAR,171.0
igcm-3,AVJL,735.0
igcm-3,AVJR,735.0
igcm-3,AVKL,170.6
igcm-3,AVKR,170.6
igcm-3,AWAL,253.0
igcm-3,AWAR,253.0
igcm-3,AWBL,183.3
igcm-3,AWBR,183.3
igcm-3,AWCL,148.8
igcm-3,AWCR,148.8
igcm-3,BAGL,249.5
igcm-3,BAGR,249.5
igcm-3,CEPDL,268.0
igcm-3,CEPDR,268.0
igcm-3,CEPVL,268.0
igcm-3,CEPVR,268.0
igcm-3,IL1DL,262.9
igcm-3,IL1DR,262.9
igcm-3,IL1L,262.9
igcm-3,IL1R,262.9
igcm-3,IL1VL,262.9
igcm-3,IL1VR,262.9
igcm-3,IL2DL,153.8
igcm-3,IL2DR,153.8
igcm-3,IL2L,153.8
igcm-3,IL2R,153.8
igcm-3,IL2VL,153.8
igcm-3,IL2VR,153.8
igcm-3,OLLL,99.7
igcm-3,OLLR,99.7
igcm-3,OLQDL,99.7
igcm-3,OLQDR,99.7
igcm-3,OLQVL,99.7
igcm-3,OLQVR,99.7
igcm-3,PVPL,272.8
igcm-3,PVPR,272.8
igcm-3,RIBL,503.0
igcm-3,RIBR,503.0
igcm-3,RIML,187.3
igcm-3,RIMR,187.3
igcm-3,RIVL,514.5
igcm-3,RIVR,514.5
igcm-3,RMDDL,125.6
igcm-3,RMDDR,125.6
igcm-3,RMDL,125.6
igcm-3,RMDR,125.6
igcm-3,RMDVL,125.6
igcm-3,RMDVR,125.6
igcm-3,SIADL,121.6
igcm-3,SIADR,121.6
igcm-3,SIAVL,121.6
igcm-3,SIAVR,121.6
igcm-3,SMBDL,131.8
igcm-3,SMBDR,131.8
igcm-3,SMBVL,131.8
igcm-3,SMBVR,131.8
igcm-3,SMDDL,190.5
igcm-3,SMDDR,190.5
igcm-3,SMDVL,190.5
igcm-3,SMDVR,190.5
igcm-3,URBL,472.8
igcm-3,URBR,472.8
igcm-3,URXL,410.8
igcm-3,URXR,410.8
igcm-4,ADEL,460.5
igcm-4,ADER,460.5
igcm-4,ADFL,345.6
igcm-4,ADFR,345.6
igcm-4,ADLL,247.7
igcm-4,ADLR,247.7
igcm-4,AFDL,730.4
igcm-4,AFDR,730.4
igcm-4,AIBL,133.9
igcm-4,AIBR,133.9
igcm-4,AINL,3739.5
igcm-4,AINR,3739.5
igcm-4,AIZL,3032.1
igcm-4,AIZR,3032.1
igcm-4,ALA,2253.1
igcm-4,ASEL,530.7
igcm-4,ASER,530.7
igcm-4,ASHL,589.4
igcm-4,ASHR,589.4
igcm-4,ASJL,883.5
igcm-4,ASJR,883.5
igcm-4,ASKL,205.5
igcm-4,ASKR,205.5
igcm-4,AUAL,533.8
igcm-4,AUAR,533.8
igcm-4,AVAL,788.4
igcm-4,AVAR,788.4
igcm-4,AVBL,643.8
igcm-4,AVBR,643.8
igcm-4,AVDL,456.9
igcm-4,AVDR,456.9
igcm-4,AVEL,1850.6
igcm-4,AVER,1850.6
igcm-4,AVHL,1423.8
igcm-4,AVHR,1423.8
igcm-4,AVJL,600.8
igcm-4,AVJR,600.8
igcm-4,AVKL,1156.9
igcm-4,AVKR,1156.9
igcm-4,AVL,1000.9
igcm-4,AVL,1000.9
igcm-4,AWAL,246.5
igcm-4,AWAR,246.5
igcm-4,AWBL,1381.5
igcm-4,AWBR,1381.5
igcm-4,AWCL,404.9
igcm-4,AWCR,404.9
igcm-4,BAGL,706.5
igcm-4,BAGR,706.5
igcm-4,CEPDL,1580.1
igcm-4,CEPDR,1580.1
igcm-4,CEPVL,1580.1
igcm-4,CEPVR,1580.1
igcm-4,DVC,206.9
igcm-4,IL1DL,2400.7
igcm-4,IL1DR,2400.7
igcm-4,IL1L,2400.7
igcm-4,IL1R,2400.7
igcm-4,IL1VL,2400.7
igcm-4,IL1VR,2400.7
igcm-4,IL2DL,1710.8
igcm-4,IL2DR,1710.8
igcm-4,IL2L,1710.8
igcm-4,IL2R,1710.8
igcm-4,IL2VL,1710.8
igcm-4,IL2VR,1710.8
igcm-4,OLLL,902.4
igcm-4,OLLR,902.4
igcm-4,OLQDL,902.4
igcm-4,OLQDR,902.4
igcm-4,OLQVL,902.4
igcm-4,OLQVR,902.4
igcm-4,PVPL,1479.0
igcm-4,PVPR,1479.0
igcm-4,RIAL,2414.9
igcm-4,RIAR,2414.9
igcm-4,RIBL,3009.5
igcm-4,RIBR,3009.5
igcm-4,RICL,1416.8
igcm-4,RICR,1416.8
igcm-4,RIH,1376.9
igcm-4,RIML,2158.2
igcm-4,RIMR,2158.2
igcm-4,RIS,1140.5
igcm-4,RIVL,2121.5
igcm-4,RIVR,2121.5
igcm-4,RMDDL,2461.4
igcm-4,RMDDR,2461.4
igcm-4,RMDL,2461.4
igcm-4,RMDR,2461.4
igcm-4,RMDVL,2461.4
igcm-4,RMDVR,2461.4
igcm-4,RMED,2953.1
igcm-4,RMED,2953.1
igcm-4,RMEL,2953.1
igcm-4,RMER,2953.1
igcm-4,RMEV,2953.1
igcm-4,RMEV,2953.1
igcm-4,SIADL,565.8
igcm-4,SIADR,565.8
igcm-4,SIAVL,565.8
igcm-4,SIAVR,565.8
igcm-4,SIBDL,1418.6
igcm-4,SIBDR,1418.6
igcm-4,SIBVL,1418.6
igcm-4,SIBVR,1418.6
igcm-4,SMBDL,1288.5
igcm-4,SMBDR,1288.5
igcm-4,SMBVL,1288.5
igcm-4,SMBVR,1288.5
igcm-4,SMDDL,1888.0
igcm-4,SMDDR,1888.0
igcm-4,SMDVL,1888.0
igcm-4,SMDVR,1888.0
igcm-4,URBL,1160.5
igcm-4,URBR,1160.5
igcm-4,URXL,841.8
igcm-4,URXR,841.8
mig-6,AVAL,81.1
mig-6,AVAR,81.1
mig-6,CEPDL,64.1
mig-6,CEPDR,64.1
mig-6,CEPVL,64.1
mig-6,CEPVR,64.1
oig-1,AUAL,90.7
oig-1,AUAR,90.7
oig-5,SIADL,105.2
oig-5,SIADR,105.2
oig-5,SIAVL,105.2
oig-5,SIAVR,105.2
oig-8,AFDL,1977.8
oig-8,AFDR,1977.8
oig-8,AWCL,567.5
oig-8,AWCR,567.5
rig-1,ADLL,39.6
rig-1,ADLR,39.6
rig-1,AINL,158.2
rig-1,AINR,158.2
rig-1,ASHL,191.1
rig-1,ASHR,191.1
rig-1,ASJL,26.9
rig-1,ASJR,26.9
rig-1,ASKL,52.2
rig-1,ASKR,52.2
rig-1,AUAL,246.7
rig-1,AUAR,246.7
rig-1,AVAL,334.9
rig-1,AVAR,334.9
rig-1,AVBL,297.6
rig-1,AVBR,297.6
rig-1,AVDL,202.0
rig-1,AVDR,202.0
rig-1,AVHL,298.7
rig-1,AVHR,298.7
rig-1,AVJL,344.5
rig-1,AVJR,344.5
rig-1,BAGL,143.7
rig-1,BAGR,143.7
rig-1,RICL,344.9
rig-1,RICR,344.9
rig-1,RIML,98.3
rig-1,RIMR,98.3
rig-1,RIVL,67.6
rig-1,RIVR,67.6
rig-1,SIBDL,214.2
rig-1,SIBDR,214.2
rig-1,SIBVL,214.2
rig-1,SIBVR,214.2
rig-1,SMDDL,46.1
rig-1,SMDDR,46.1
rig-1,SMDVL,46.1
rig-1,SMDVR,46.1
rig-3,ASHL,52.0
rig-3,ASHR,52.0
rig-3,ASJL,40.4
rig-3,ASJR,40.4
rig-3,ASKL,32.2
rig-3,ASKR,32.2
rig-3,AUAL,700.2
rig-3,AUAR,700.2
rig-3,AVL,307.7
rig-3,AVL,307.7
rig-3,AWBL,37.1
rig-3,AWBR,37.1
rig-3,IL2DL,1982.1
rig-3,IL2DR,1982.1
rig-3,IL2L,1982.1
rig-3,IL2R,1982.1
rig-3,IL2VL,1982.1
rig-3,IL2VR,1982.1
rig-3,OLLL,254.5
rig-3,OLLR,254.5
rig-3,OLQDL,254.5
rig-3,OLQDR,254.5
rig-3,OLQVL,254.5
rig-3,OLQVR,254.5
rig-3,RICL,157.5
rig-3,RICR,157.5
rig-3,RIH,725.3
rig-3,RIVL,976.0
rig-3,RIVR,976.0
rig-3,SIADL,40.4
rig-3,SIADR,40.4
rig-3,SIAVL,40.4
rig-3,SIAVR,40.4
rig-3,URBL,211.0
rig-3,URBR,211.0
rig-4,ADLL,42.1
rig-4,ADLR,42.1
rig-4,AFDL,257.7
rig-4,AFDR,257.7
rig-4,ASEL,124.3
rig-4,ASER,124.3
rig-4,ASGL,382.1
rig-4,ASGR,382.1
rig-4,ASHL,87.9
rig-4,ASHR,87.9
rig-4,ASIL,230.9
rig-4,ASIR,230.9
rig-4,ASJL,35.8
rig-4,ASJR,35.8
rig-4,ASKL,144.7
rig-4,ASKR,144.7
rig-4,AUAL,112.3
rig-4,AUAR,112.3
rig-4,AVKL,99.3
rig-4,AVKR,99.3
rig-4,AWBL,99.9
rig-4,AWBR,99.9
rig-4,AWCL,116.3
rig-4,AWCR,116.3
rig-4,BAGL,51.8
rig-4,BAGR,51.8
rig-4,CEPDL,74.0
rig-4,CEPDR,74.0
rig-4,CEPVL,74.0
rig-4,CEPVR,74.0
rig-4,IL2DL,37.9
rig-4,IL2DR,37.9
rig-4,IL2L,37.9
rig-4,IL2R,37.9
rig-4,IL2VL,37.9
rig-4,IL2VR,37.9
rig-4,RICL,496.7
rig-4,RICR,496.7
rig-4,RIH,995.1
rig-4,RIML,176.4
rig-4,RIMR,176.4
rig-4,RIVL,243.8
rig-4,RIVR,243.8
rig-4,RMED,630.4
rig-4,RMED,630.4
rig-4,RMEL,630.4
rig-4,RMER,630.4
rig-4,RMEV,630.4
rig-4,RMEV,630.4
rig-4,SMDDL,45.8
rig-4,SMDDR,45.8
rig-4,SMDVL,45.8
rig-4,SMDVR,45.8
rig-4,URXL,686.1
rig-4,URXR,686.1
rig-5,ADEL,2314.7
rig-5,ADER,2314.7
rig-5,ADLL,533.3
rig-5,ADLR,533.3
rig-5,AIBL,254.4
rig-5,AIBR,254.4
rig-5,AINL,145.5
rig-5,AINR,145.5
rig-5,AIZL,494.0
rig-5,AIZR,494.0
rig-5,ASJL,121.2
rig-5,ASJR,121.2
rig-5,AVDL,2526.3
rig-5,AVDR,2526.3
rig-5,AVHL,193.9
rig-5,AVHR,193.9
rig-5,AVJL,1297.4
rig-5,AVJR,1297.4
rig-5,AWBL,88.7
rig-5,AWBR,88.7
rig-5,AWCL,308.7
rig-5,AWCR,308.7
rig-5,BAGL,65.0
rig-5,BAGR,65.0
rig-5,CEPDL,492.2
rig-5,CEPDR,492.2
rig-5,CEPVL,492.2
rig-5,CEPVR,492.2
rig-5,IL1DL,11861.7
rig-5,IL1DR,11861.7
rig-5,IL1L,11861.7
rig-5,IL1R,11861.7
rig-5,IL1VL,11861.7
rig-5,IL1VR,11861.7
rig-5,IL2DL,1632.4
rig-5,IL2DR,1632.4
rig-5,IL2L,1632.4
rig-5,IL2R,1632.4
rig-5,IL2VL,1632.4
rig-5,IL2VR,1632.4
rig-5,OLLL,630.4
rig-5,OLLR,630.4
rig-5,OLQDL,630.4
rig-5,OLQDR,630.4
rig-5,OLQVL,630.4
rig-5,OLQVR,630.4
rig-5,RIAL,208.9
rig-5,RIAR,208.9
rig-5,RIBL,6613.7
rig-5,RIBR,6613.7
rig-5,RICL,404.4
rig-5,RICR,404.4
rig-5,RIH,111.7
rig-5,RIML,1147.0
rig-5,RIMR,1147.0
rig-5,RIVL,74.8
rig-5,RIVR,74.8
rig-5,RMDDL,164.5
rig-5,RMDDR,164.5
rig-5,RMDL,164.5
rig-5,RMDR,164.5
rig-5,RMDVL,164.5
rig-5,RMDVR,164.5
rig-5,RMED,91.4
rig-5,RMED,91.4
rig-5,RMEL,91.4
rig-5,RMER,91.4
rig-5,RMEV,91.4
rig-5,RMEV,91.4
rig-5,SIBDL,2054.1
rig-5,SIBDR,2054.1
rig-5,SIBVL,2054.1
rig-5,SIBVR,2054.1
rig-5,SMBDL,5843.3
rig-5,SMBDR,5843.3
rig-5,SMBVL,5843.3
rig-5,SMBVR,5843.3
rig-5,SMDDL,83.3
rig-5,SMDDR,83.3
rig-5,SMDVL,83.3
rig-5,SMDVR,83.3
rig-5,URXL,308.6
rig-5,URXR,308.6
rig-6,AIBL,116.3
rig-6,AIBR,116.3
rig-6,ASJL,361.9
rig-6,ASJR,361.9
rig-6,ASKL,431.7
rig-6,ASKR,431.7
rig-6,AVAL,382.9
rig-6,AVAR,382.9
rig-6,AVKL,89.8
rig-6,AVKR,89.8
rig-6,AWCL,182.4
rig-6,AWCR,182.4
rig-6,RIAL,560.6
rig-6,RIAR,560.6
rig-6,RIBL,918.6
rig-6,RIBR,918.6
rig-6,RIH,259.1
rig-6,RIML,104.3
rig-6,RIMR,104.3
rig-6,RIS,107.4
rig-6,RMDDL,184.3
rig-6,RMDDR,184.3
rig-6,RMDL,184.3
rig-6,RMDR,184.3
rig-6,RMDVL,184.3
rig-6,RMDVR,184.3
rig-6,RMED,73.2
rig-6,RMED,73.2
rig-6,RMEL,73.2
rig-6,RMER,73.2
rig-6,RMEV,73.2
rig-6,RMEV,73.2
rig-6,SIBDL,404.5
rig-6,SIBDR,404.5
rig-6,SIBVL,404.5
rig-6,SIBVR,404.5
rig-6,SMBDL,715.4
rig-6,SMBDR,715.4
rig-6,SMBVL,715.4
rig-6,SMBVR,715.4
rig-6,SMDDL,37.5
rig-6,SMDDR,37.5
rig-6,SMDVL,37.5
rig-6,SMDVR,37.5
rig-6,URBL,285.1
rig-6,URBR,285.1
ncam-1,ADEL,546.9
ncam-1,ADER,546.9
ncam-1,ADFL,65.6
ncam-1,ADFR,65.6
ncam-1,ADLL,81.5
ncam-1,ADLR,81.5
ncam-1,ASEL,126.6
ncam-1,ASER,126.6
ncam-1,ASJL,1074.2
ncam-1,ASJR,1074.2
ncam-1,ASKL,1579.3
ncam-1,ASKR,1579.3
ncam-1,AUAL,1222.2
ncam-1,AUAR,1222.2
ncam-1,AVAL,90.1
ncam-1,AVAR,90.1
ncam-1,AVBL,288.0
ncam-1,AVBR,288.0
ncam-1,AVDL,593.4
ncam-1,AVDR,593.4
ncam-1,AVEL,208.6
ncam-1,AVER,208.6
ncam-1,AVJL,3224.7
ncam-1,AVJR,3224.7
ncam-1,AWAL,245.9
ncam-1,AWAR,245.9
ncam-1,AWBL,82.2
ncam-1,AWBR,82.2
ncam-1,BAGL,83.5
ncam-1,BAGR,83.5
ncam-1,CEPDL,349.4
ncam-1,CEPDR,349.4
ncam-1,CEPVL,349.4
ncam-1,CEPVR,349.4
ncam-1,IL1DL,468.4
ncam-1,IL1DR,468.4
ncam-1,IL1L,468.4
ncam-1,IL1R,468.4
ncam-1,IL1VL,468.4
ncam-1,IL1VR,468.4
ncam-1,IL2DL,3333.2
ncam-1,IL2DR,3333.2
ncam-1,IL2L,3333.2
ncam-1,IL2R,3333.2
ncam-1,IL2VL,3333.2
ncam-1,IL2VR,3333.2
ncam-1,OLLL,407.3
ncam-1,OLLR,407.3
ncam-1,OLQDL,407.3
ncam-1,OLQDR,407.3
ncam-1,OLQVL,407.3
ncam-1,OLQVR,407.3
ncam-1,RIH,7847.3
ncam-1,RIS,224.4
ncam-1,RIVL,482.9
ncam-1,RIVR,482.9
ncam-1,RMDDL,335.8
ncam-1,RMDDR,335.8
ncam-1,RMDL,335.8
ncam-1,RMDR,335.8
ncam-1,RMDVL,335.8
ncam-1,RMDVR,335.8
ncam-1,RMED,339.1
ncam-1,RMED,339.1
ncam-1,RMEL,339.1
ncam-1,RMER,339.1
ncam-1,RMEV,339.1
ncam-1,RMEV,339.1
ncam-1,SIADL,1770.5
ncam-1,SIADR,1770.5
ncam-1,SIAVL,1770.5
ncam-1,SIAVR,1770.5
ncam-1,SIBDL,361.7
ncam-1,SIBDR,361.7
ncam-1,SIBVL,361.7
ncam-1,SIBVR,361.7
ncam-1,SMBDL,536.6
ncam-1,SMBDR,536.6
ncam-1,SMBVL,536.6
ncam-1,SMBVR,536.6
ncam-1,SMDDL,168.5
ncam-1,SMDDR,168.5
ncam-1,SMDVL,168.5
ncam-1,SMDVR,168.5
ncam-1,URBL,3483.4
ncam-1,URBR,3483.4
ncam-1,URXL,6848.6
ncam-1,URXR,6848.6
sax-3,ADEL,524.7
sax-3,ADER,524.7
sax-3,ADFL,281.5
sax-3,ADFR,281.5
sax-3,ADLL,158.9
sax-3,ADLR,158.9
sax-3,AFDL,161.3
sax-3,AFDR,161.3
sax-3,AIBL,347.2
sax-3,AIBR,347.2
sax-3,AINL,340.0
sax-3,AINR,340.0
sax-3,AIYL,276.7
sax-3,AIYR,276.7
sax-3,ALA,1109.6
sax-3,ASEL,254.4
sax-3,ASER,254.4
sax-3,ASGL,457.5
sax-3,ASGR,457.5
sax-3,ASHL,309.0
sax-3,ASHR,309.0
sax-3,ASIL,210.0
sax-3,ASIR,210.0
sax-3,ASJL,289.1
sax-3,ASJR,289.1
sax-3,ASKL,209.1
sax-3,ASKR,209.1
sax-3,AUAL,238.9
sax-3,AUAR,238.9
sax-3,AVAL,674.2
sax-3,AVAR,674.2
sax-3,AVBL,828.9
sax-3,AVBR,828.9
sax-3,AVDL,559.1
sax-3,AVDR,559.1
sax-3,AVEL,535.8
sax-3,AVER,535.8
sax-3,AVHL,910.7
sax-3,AVHR,910.7
sax-3,AVJL,908.8
sax-3,AVJR,908.8
sax-3,AVKL,160.0
sax-3,AVKR,160.0
sax-3,AVL,813.4
sax-3,AVL,813.4
sax-3,AWAL,234.6
sax-3,AWAR,234.6
sax-3,AWBL,497.3
sax-3,AWBR,497.3
sax-3,AWCL,267.1
sax-3,AWCR,267.1
sax-3,BAGL,372.7
sax-3,BAGR,372.7
sax-3,CEPDL,445.3
sax-3,CEPDR,445.3
sax-3,CEPVL,445.3
sax-3,CEPVR,445.3
sax-3,DVC,358.4
sax-3,IL1DL,254.9
sax-3,IL1DR,254.9
sax-3,IL1L,254.9
sax-3,IL1R,254.9
sax-3,IL1VL,254.9
sax-3,IL1VR,254.9
sax-3,IL2DL,416.8
sax-3,IL2DR,416.8
sax-3,IL2L,416.8
sax-3,IL2R,416.8
sax-3,IL2VL,416.8
sax-3,IL2VR,416.8
sax-3,OLLL,249.3
sax-3,OLLR,249.3
sax-3,OLQDL,249.3
sax-3,OLQDR,249.3
sax-3,OLQVL,249.3
sax-3,OLQVR,249.3
sax-3,PVPL,575.1
sax-3,PVPR,575.1
sax-3,RIAL,791.7
sax-3,RIAR,791.7
sax-3,RIBL,232.8
sax-3,RIBR,232.8
sax-3,RICL,227.5
sax-3,RICR,227.5
sax-3,RIH,537.0
sax-3,RIML,355.5
sax-3,RIMR,355.5
sax-3,RIS,204.8
sax-3,RIVL,636.7
sax-3,RIVR,636.7
sax-3,RMDDL,720.2
sax-3,RMDDR,720.2
sax-3,RMDL,720.2
sax-3,RMDR,720.2
sax-3,RMDVL,720.2
sax-3,RMDVR,720.2
sax-3,RMED,536.0
sax-3,RMED,536.0
sax-3,RMEL,536.0
sax-3,RMER,536.0
sax-3,RMEV,536.0
sax-3,RMEV,536.0
sax-3,SIADL,958.4
sax-3,SIADR,958.4
sax-3,SIAVL,958.4
sax-3,SIAVR,958.4
sax-3,SIBDL,614.6
sax-3,SIBDR,614.6
sax-3,SIBVL,614.6
sax-3,SIBVR,614.6
sax-3,SMBDL,539.7
sax-3,SMBDR,539.7
sax-3,SMBVL,539.7
sax-3,SMBVR,539.7
sax-3,SMDDL,720.8
sax-3,SMDDR,720.8
sax-3,SMDVL,720.8
sax-3,SMDVR,720.8
sax-3,URBL,540.9
sax-3,URBR,540.9
sax-3,URXL,194.5
sax-3,URXR,194.5
sax-7,ADEL,366.8
sax-7,ADER,366.8
sax-7,ADFL,850.8
sax-7,ADFR,850.8
sax-7,ADLL,512.4
sax-7,ADLR,512.4
sax-7,AFDL,782.3
sax-7,AFDR,782.3
sax-7,AIBL,85.1
sax-7,AIBR,85.1
sax-7,AINL,1274.7
sax-7,AINR,1274.7
sax-7,AIZL,853.4
sax-7,AIZR,853.4
sax-7,ASEL,701.7
sax-7,ASER,701.7
sax-7,ASGL,227.7
sax-7,ASGR,227.7
sax-7,ASHL,471.3
sax-7,ASHR,471.3
sax-7,ASIL,354.5
sax-7,ASIR,354.5
sax-7,ASJL,407.4
sax-7,ASJR,407.4
sax-7,ASKL,574.3
sax-7,ASKR,574.3
sax-7,AUAL,309.8
sax-7,AUAR,309.8
sax-7,AVAL,244.7
sax-7,AVAR,244.7
sax-7,AVBL,342.7
sax-7,AVBR,342.7
sax-7,AVDL,298.9
sax-7,AVDR,298.9
sax-7,AVEL,149.4
sax-7,AVER,149.4
sax-7,AVKL,253.8
sax-7,AVKR,253.8
sax-7,AVL,168.4
sax-7,AVL,168.4
sax-7,AWAL,299.1
sax-7,AWAR,299.1
sax-7,AWBL,680.8
sax-7,AWBR,680.8
sax-7,AWCL,603.1
sax-7,AWCR,603.1
sax-7,BAGL,647.5
sax-7,BAGR,647.5
sax-7,CEPDL,511.4
sax-7,CEPDR,511.4
sax-7,CEPVL,511.4
sax-7,CEPVR,511.4
sax-7,DVC,257.5
sax-7,IL1DL,807.8
sax-7,IL1DR,807.8
sax-7,IL1L,807.8
sax-7,IL1R,807.8
sax-7,IL1VL,807.8
sax-7,IL1VR,807.8
sax-7,IL2DL,1312.9
sax-7,IL2DR,1312.9
sax-7,IL2L,1312.9
sax-7,IL2R,1312.9
sax-7,IL2VL,1312.9
sax-7,IL2VR,1312.9
sax-7,OLLL,1476.7
sax-7,OLLR,1476.7
sax-7,OLQDL,1476.7
sax-7,OLQDR,1476.7
sax-7,OLQVL,1476.7
sax-7,OLQVR,1476.7
sax-7,PVCL,554.6
sax-7,PVCR,554.6
sax-7,PVPL,207.7
sax-7,PVPR,207.7
sax-7,RIAL,203.7
sax-7,RIAR,203.7
sax-7,RIBL,266.8
sax-7,RIBR,266.8
sax-7,RICL,268.1
sax-7,RICR,268.1
sax-7,RIH,205.0
sax-7,RIML,229.8
sax-7,RIMR,229.8
sax-7,RIS,161.9
sax-7,RIVL,327.8
sax-7,RIVR,327.8
sax-7,RMDDL,204.3
sax-7,RMDDR,204.3
sax-7,RMDL,204.3
sax-7,RMDR,204.3
sax-7,RMDVL,204.3
sax-7,RMDVR,204.3
sax-7,RMED,56.6
sax-7,RMED,56.6
sax-7,RMEL,56.6
sax-7,RMER,56.6
sax-7,RMEV,56.6
sax-7,RMEV,56.6
sax-7,SIADL,275.9
sax-7,SIADR,275.9
sax-7,SIAVL,275.9
sax-7,SIAVR,275.9
sax-7,SIBDL,304.3
sax-7,SIBDR,304.3
sax-7,SIBVL,304.3
sax-7,SIBVR,304.3
sax-7,SMBDL,170.5
sax-7,SMBDR,170.5
sax-7,SMBVL,170.5
sax-7,SMBVR,170.5
sax-7,SMDDL,855.1
sax-7,SMDDR,855.1
sax-7,SMDVL,855.1
sax-7,SMDVR,855.1
sax-7,URXL,466.6
sax-7,URXR,466.6
lad-2,ASEL,64.5
lad-2,ASER,64.5
lad-2,ASHL,148.7
lad-2,ASHR,148.7
lad-2,ASJL,469.7
lad-2,ASJR,469.7
lad-2,ASKL,38.3
lad-2,ASKR,38.3
lad-2,AUAL,1444.1
lad-2,AUAR,1444.1
lad-2,AVBL,2348.0
lad-2,AVBR,2348.0
lad-2,AVDL,766.0
lad-2,AVDR,766.0
lad-2,AVEL,536.3
lad-2,AVER,536.3
lad-2,AVHL,11650.2
lad-2,AVHR,11650.2
lad-2,AVJL,2164.8
lad-2,AVJR,2164.8
lad-2,AVKL,236.8
lad-2,AVKR,236.8
lad-2,AVL,373.8
lad-2,AVL,373.8
lad-2,RICL,1949.0
lad-2,RICR,1949.0
lad-2,RIH,130.3
lad-2,RIVL,2101.1
lad-2,RIVR,2101.1
lad-2,RMDDL,3571.5
lad-2,RMDDR,3571.5
lad-2,RMDL,3571.5
lad-2,RMDR,3571.5
lad-2,RMDVL,3571.5
lad-2,RMDVR,3571.5
lad-2,SIADL,72.9
lad-2,SIADR,72.9
lad-2,SIAVL,72.9
lad-2,SIAVR,72.9
lad-2,SIBDL,3155.0
lad-2,SIBDR,3155.0
lad-2,SIBVL,3155.0
lad-2,SIBVR,3155.0
lad-2,SMBDL,129.4
lad-2,SMBDR,129.4
lad-2,SMBVL,129.4
lad-2,SMBVR,129.4
lad-2,SMDDL,495.5
lad-2,SMDDR,495.5
lad-2,SMDVL,495.5
lad-2,SMDVR,495.5
lad-2,URXL,29.7
lad-2,URXR,29.7
syg-1,ADEL,165.2
syg-1,ADER,165.2
syg-1,ADFL,208.0
syg-1,ADFR,208.0
syg-1,ADLL,545.3
syg-1,ADLR,545.3
syg-1,AFDL,144.3
syg-1,AFDR,144.3
syg-1,AIBL,953.4
syg-1,AIBR,953.4
syg-1,AIYL,1491.9
syg-1,AIYR,1491.9
syg-1,ASHL,105.9
syg-1,ASHR,105.9
syg-1,ASKL,39.5
syg-1,ASKR,39.5
syg-1,AVAL,454.2
syg-1,AVAR,454.2
syg-1,AVEL,333.8
syg-1,AVER,333.8
syg-1,AVL,896.6
syg-1,AVL,896.6
syg-1,BAGL,51.3
syg-1,BAGR,51.3
syg-1,CEPDL,396.3
syg-1,CEPDR,396.3
syg-1,CEPVL,396.3
syg-1,CEPVR,396.3
syg-1,IL1DL,90.8
syg-1,IL1DR,90.8
syg-1,IL1L,90.8
syg-1,IL1R,90.8
syg-1,IL1VL,90.8
syg-1,IL1VR,90.8
syg-1,RIAL,727.3
syg-1,RIAR,727.3
syg-1,RIBL,435.7
syg-1,RIBR,435.7
syg-1,RICL,266.6
syg-1,RICR,266.6
syg-1,RIH,415.2
syg-1,RIML,1536.3
syg-1,RIMR,1536.3
syg-1,RIS,1519.7
syg-1,RIVL,588.8
syg-1,RIVR,588.8
syg-1,RMDDL,588.3
syg-1,RMDDR,588.3
syg-1,RMDL,588.3
syg-1,RMDR,588.3
syg-1,RMDVL,588.3
syg-1,RMDVR,588.3
syg-1,RMED,235.9
syg-1,RMED,235.9
syg-1,RMEL,235.9
syg-1,RMER,235.9
syg-1,RMEV,235.9
syg-1,RMEV,235.9
syg-1,SIADL,191.3
syg-1,SIADR,191.3
syg-1,SIAVL,191.3
syg-1,SIAVR,191.3
syg-1,SIBDL,621.9
syg-1,SIBDR,621.9
syg-1,SIBVL,621.9
syg-1,SIBVR,621.9
syg-1,SMBDL,1693.4
syg-1,SMBDR,1693.4
syg-1,SMBVL,1693.4
syg-1,SMBVR,1693.4
syg-1,SMDDL,837.4
syg-1,SMDDR,837.4
syg-1,SMDVL,837.4
syg-1,SMDVR,837.4
syg-2,ADEL,148.0
syg-2,ADER,148.0
syg-2,ADLL,20.2
syg-2,ADLR,20.2
syg-2,AFDL,118.3
syg-2,AFDR,118.3
syg-2,AIBL,110.9
syg-2,AIBR,110.9
syg-2,AIZL,1843.9
syg-2,AIZR,1843.9
syg-2,ALA,854.8
syg-2,ASEL,38.2
syg-2,ASER,38.2
syg-2,ASHL,141.4
syg-2,ASHR,141.4
syg-2,AUAL,203.8
syg-2,AUAR,203.8
syg-2,AVAL,93.5
syg-2,AVAR,93.5
syg-2,AVEL,137.2
syg-2,AVER,137.2
syg-2,AVKL,147.4
syg-2,AVKR,147.4
syg-2,AVL,176.8
syg-2,AVL,176.8
syg-2,AWBL,144.2
syg-2,AWBR,144.2
syg-2,AWCL,312.4
syg-2,AWCR,312.4
syg-2,BAGL,74.6
syg-2,BAGR,74.6
syg-2,IL2DL,40.5
syg-2,IL2DR,40.5
syg-2,IL2L,40.5
syg-2,IL2R,40.5
syg-2,IL2VL,40.5
syg-2,IL2VR,40.5
syg-2,OLLL,263.2
syg-2,OLLR,263.2
syg-2,OLQDL,263.2
syg-2,OLQDR,263.2
syg-2,OLQVL,263.2
syg-2,OLQVR,263.2
syg-2,RIAL,391.9
syg-2,RIAR,391.9
syg-2,RIBL,698.6
syg-2,RIBR,698.6
syg-2,RICL,299.4
syg-2,RICR,299.4
syg-2,RIH,420.4
syg-2,RIML,913.6
syg-2,RIMR,913.6
syg-2,RIS,854.8
syg-2,RIVL,155.4
syg-2,RIVR,155.4
syg-2,RMDDL,1430.9
syg-2,RMDDR,1430.9
syg-2,RMDL,1430.9
syg-2,RMDR,1430.9
syg-2,RMDVL,1430.9
syg-2,RMDVR,1430.9
syg-2,SIADL,668.8
syg-2,SIADR,668.8
syg-2,SIAVL,668.8
syg-2,SIAVR,668.8
syg-2,SIBDL,263.0
syg-2,SIBDR,263.0
syg-2,SIBVL,263.0
syg-2,SIBVR,263.0
syg-2,SMBDL,1246.0
syg-2,SMBDR,1246.0
syg-2,SMBVL,1246.0
syg-2,SMBVR,1246.0
syg-2,SMDDL,1096.6
syg-2,SMDDR,1096.6
syg-2,SMDVL,1096.6
syg-2,SMDVR,1096.6
syg-2,URBL,145.4
syg-2,URBR,145.4
unc-40,ADEL,517.2
unc-40,ADER,517.2
unc-40,ADFL,194.9
unc-40,ADFR,194.9
unc-40,ADLL,190.9
unc-40,ADLR,190.9
unc-40,AFDL,135.6
unc-40,AFDR,135.6
unc-40,AIBL,146.1
unc-40,AIBR,146.1
unc-40,ALA,2661.2
unc-40,ASEL,104.2
unc-40,ASER,104.2
unc-40,ASHL,145.9
unc-40,ASHR,145.9
unc-40,ASIL,181.0
unc-40,ASIR,181.0
unc-40,ASJL,206.6
unc-40,ASJR,206.6
unc-40,ASKL,243.1
unc-40,ASKR,243.1
unc-40,AUAL,374.4
unc-40,AUAR,374.4
unc-40,AVAL,153.0
unc-40,AVAR,153.0
unc-40,AVBL,157.8
unc-40,AVBR,157.8
unc-40,AVDL,129.0
unc-40,AVDR,129.0
unc-40,AVJL,530.1
unc-40,AVJR,530.1
unc-40,AVKL,253.6
unc-40,AVKR,253.6
unc-40,AVL,316.2
unc-40,AVL,316.2
unc-40,AWAL,131.5
unc-40,AWAR,131.5
unc-40,AWBL,114.5
unc-40,AWBR,114.5
unc-40,AWCL,80.2
unc-40,AWCR,80.2
unc-40,BAGL,100.4
unc-40,BAGR,100.4
unc-40,CEPDL,186.0
unc-40,CEPDR,186.0
unc-40,CEPVL,186.0
unc-40,CEPVR,186.0
unc-40,DVC,237.6
unc-40,IL1DL,198.2
unc-40,IL1DR,198.2
unc-40,IL1L,198.2
unc-40,IL1R,198.2
unc-40,IL1VL,198.2
unc-40,IL1VR,198.2
unc-40,IL2DL,100.3
unc-40,IL2DR,100.3
unc-40,IL2L,100.3
unc-40,IL2R,100.3
unc-40,IL2VL,100.3
unc-40,IL2VR,100.3
unc-40,OLLL,313.1
unc-40,OLLR,313.1
unc-40,OLQDL,313.1
unc-40,OLQDR,313.1
unc-40,OLQVL,313.1
unc-40,OLQVR,313.1
unc-40,PVCL,289.2
unc-40,PVCR,289.2
unc-40,PVPL,500.8
unc-40,PVPR,500.8
unc-40,RIAL,238.7
unc-40,RIAR,238.7
unc-40,RICL,593.6
unc-40,RICR,593.6
unc-40,RIH,403.7
unc-40,RIML,383.3
unc-40,RIMR,383.3
unc-40,RIS,176.1
unc-40,RIVL,212.5
unc-40,RIVR,212.5
unc-40,RMDDL,327.4
unc-40,RMDDR,327.4
unc-40,RMDL,327.4
unc-40,RMDR,327.4
unc-40,RMDVL,327.4
unc-40,RMDVR,327.4
unc-40,RMED,326.4
unc-40,RMED,326.4
unc-40,RMEL,326.4
unc-40,RMER,326.4
unc-40,RMEV,326.4
unc-40,RMEV,326.4
unc-40,SIADL,839.1
unc-40,SIADR,839.1
unc-40,SIAVL,839.1
unc-40,SIAVR,839.1
unc-40,SIBDL,263.6
unc-40,SIBDR,263.6
unc-40,SIBVL,263.6
unc-40,SIBVR,263.6
unc-40,SMBDL,160.3
unc-40,SMBDR,160.3
unc-40,SMBVL,160.3
unc-40,SMBVR,160.3
unc-40,SMDDL,333.7
unc-40,SMDDR,333.7
unc-40,SMDVL,333.7
unc-40,SMDVR,333.7
unc-40,URBL,285.7
unc-40,URBR,285.7
unc-40,URXL,330.8
unc-40,URXR,330.8
unc-5,ADFL,37.9
unc-5,ADFR,37.9
unc-5,ADLL,46.6
unc-5,ADLR,46.6
unc-5,AIBL,228.8
unc-5,AIBR,228.8
unc-5,AINL,274.1
unc-5,AINR,274.1
unc-5,ASHL,146.6
unc-5,ASHR,146.6
unc-5,ASJL,28.1
unc-5,ASJR,28.1
unc-5,AVDL,242.2
unc-5,AVDR,242.2
unc-5,AVEL,172.7
unc-5,AVER,172.7
unc-5,AVL,94.1
unc-5,AVL,94.1
unc-5,AWAL,66.8
unc-5,AWAR,66.8
unc-5,AWBL,35.8
unc-5,AWBR,35.8
unc-5,AWCL,48.0
unc-5,AWCR,48.0
unc-5,BAGL,29.3
unc-5,BAGR,29.3
unc-5,CEPDL,47.8
unc-5,CEPDR,47.8
unc-5,CEPVL,47.8
unc-5,CEPVR,47.8
unc-5,RIVL,246.6
unc-5,RIVR,246.6
unc-5,RMDDL,256.8
unc-5,RMDDR,256.8
unc-5,RMDL,256.8
unc-5,RMDR,256.8
unc-5,RMDVL,256.8
unc-5,RMDVR,256.8
unc-5,RMED,57.8
unc-5,RMED,57.8
unc-5,RMEL,57.8
unc-5,RMER,57.8
unc-5,RMEV,57.8
unc-5,RMEV,57.8
unc-5,SIADL,618.6
unc-5,SIADR,618.6
unc-5,SIAVL,618.6
unc-5,SIAVR,618.6
unc-5,SIBDL,409.4
unc-5,SIBDR,409.4
unc-5,SIBVL,409.4
unc-5,SIBVR,409.4
unc-5,SMDDL,440.6
unc-5,SMDDR,440.6
unc-5,SMDVL,440.6
unc-5,SMDVR,440.6
wrk-1,ADEL,244.2
wrk-1,ADER,244.2
wrk-1,ADLL,907.3
wrk-1,ADLR,907.3
wrk-1,AIBL,725.2
wrk-1,AIBR,725.2
wrk-1,AINL,393.4
wrk-1,AINR,393.4
wrk-1,AIZL,299.1
wrk-1,AIZR,299.1
wrk-1,ALA,1089.3
wrk-1,ASHL,104.6
wrk-1,ASHR,104.6
wrk-1,ASIL,561.8
wrk-1,ASIR,561.8
wrk-1,ASJL,181.4
wrk-1,ASJR,181.4
wrk-1,ASKL,941.0
wrk-1,ASKR,941.0
wrk-1,AVEL,353.9
wrk-1,AVER,353.9
wrk-1,AVKL,61.8
wrk-1,AVKR,61.8
wrk-1,AWBL,112.6
wrk-1,AWBR,112.6
wrk-1,AWCL,220.0
wrk-1,AWCR,220.0
wrk-1,BAGL,113.6
wrk-1,BAGR,113.6
wrk-1,CEPDL,232.1
wrk-1,CEPDR,232.1
wrk-1,CEPVL,232.1
wrk-1,CEPVR,232.1
wrk-1,DVA,765.9
wrk-1,DVC,300.9
wrk-1,IL2DL,852.9
wrk-1,IL2DR,852.9
wrk-1,IL2L,852.9
wrk-1,IL2R,852.9
wrk-1,IL2VL,852.9
wrk-1,IL2VR,852.9
wrk-1,OLLL,89.9
wrk-1,OLLR,89.9
wrk-1,OLQDL,89.9
wrk-1,OLQDR,89.9
wrk-1,OLQVL,89.9
wrk-1,OLQVR,89.9
wrk-1,PVPL,955.8
wrk-1,PVPR,955.8
wrk-1,RIAL,217.0
wrk-1,RIAR,217.0
wrk-1,RICL,112.4
wrk-1,RICR,112.4
wrk-1,RIML,52.5
wrk-1,RIMR,52.5
wrk-1,RIVL,138.4
wrk-1,RIVR,138.4
wrk-1,RMDDL,103.8
wrk-1,RMDDR,103.8
wrk-1,RMDL,103.8
wrk-1,RMDR,103.8
wrk-1,RMDVL,103.8
wrk-1,RMDVR,103.8
wrk-1,RMED,234.4
wrk-1,RMED,234.4
wrk-1,RMEL,234.4
wrk-1,RMER,234.4
wrk-1,RMEV,234.4
wrk-1,RMEV,234.4
wrk-1,SIBDL,90.1
wrk-1,SIBDR,90.1
wrk-1,SIBVL,90.1
wrk-1,SIBVR,90.1
wrk-1,SMBDL,713.5
wrk-1,SMBDR,713.5
wrk-1,SMBVL,713.5
wrk-1,SMBVR,713.5
wrk-1,SMDDL,648.9
wrk-1,SMDDR,648.9
wrk-1,SMDVL,648.9
wrk-1,SMDVR,648.9
wrk-1,URXL,181.5
wrk-1,URXR,181.5
zig-1,ADEL,120.7
zig-1,ADER,120.7
zig-1,ADLL,24.4
zig-1,ADLR,24.4
zig-1,AFDL,65.7
zig-1,AFDR,65.7
zig-1,AIBL,724.2
zig-1,AIBR,724.2
zig-1,AINL,466.6
zig-1,AINR,466.6
zig-1,AIZL,475.9
zig-1,AIZR,475.9
zig-1,ASEL,64.9
zig-1,ASER,64.9
zig-1,ASJL,87.3
zig-1,ASJR,87.3
zig-1,AVAL,578.4
zig-1,AVAR,578.4
zig-1,AVDL,203.6
zig-1,AVDR,203.6
zig-1,AVEL,347.7
zig-1,AVER,347.7
zig-1,AVKL,203.2
zig-1,AVKR,203.2
zig-1,AWBL,94.5
zig-1,AWBR,94.5
zig-1,AWCL,468.1
zig-1,AWCR,468.1
zig-1,BAGL,245.3
zig-1,BAGR,245.3
zig-1,DVC,252.7
zig-1,IL2DL,213.8
zig-1,IL2DR,213.8
zig-1,IL2L,213.8
zig-1,IL2R,213.8
zig-1,IL2VL,213.8
zig-1,IL2VR,213.8
zig-1,RIAL,209.6
zig-1,RIAR,209.6
zig-1,RIBL,558.0
zig-1,RIBR,558.0
zig-1,RICL,213.7
zig-1,RICR,213.7
zig-1,RIH,113.6
zig-1,RIML,541.8
zig-1,RIMR,541.8
zig-1,RIVL,87.8
zig-1,RIVR,87.8
zig-1,RMDDL,326.4
zig-1,RMDDR,326.4
zig-1,RMDL,326.4
zig-1,RMDR,326.4
zig-1,RMDVL,326.4
zig-1,RMDVR,326.4
zig-1,RMED,160.2
zig-1,RMED,160.2
zig-1,RMEL,160.2
zig-1,RMER,160.2
zig-1,RMEV,160.2
zig-1,RMEV,160.2
zig-1,SMBDL,673.4
zig-1,SMBDR,673.4
zig-1,SMBVL,673.4
zig-1,SMBVR,673.4
zig-1,SMDDL,139.3
zig-1,SMDDR,139.3
zig-1,SMDVL,139.3
zig-1,SMDVR,139.3
zig-1,URBL,151.2
zig-1,URBR,151.2
zig-1,URXL,237.4
zig-1,URXR,237.4
zig-5,ASKL,133.3
zig-5,ASKR,133.3
zig-6,SIADL,42.7
zig-6,SIADR,42.7
zig-6,SIAVL,42.7
zig-6,SIAVR,42.7
zig-8,ADEL,1565.0
zig-8,ADER,1565.0
zig-8,ADFL,452.1
zig-8,ADFR,452.1
zig-8,ADLL,599.1
zig-8,ADLR,599.1
zig-8,AFDL,201.7
zig-8,AFDR,201.7
zig-8,ASEL,79.7
zig-8,ASER,79.7
zig-8,ASHL,3208.8
zig-8,ASHR,3208.8
zig-8,ASJL,1490.1
zig-8,ASJR,1490.1
zig-8,AUAL,4469.9
zig-8,AUAR,4469.9
zig-8,AVAL,5838.7
zig-8,AVAR,5838.7
zig-8,AVEL,14973.0
zig-8,AVER,14973.0
zig-8,AVJL,610.0
zig-8,AVJR,610.0
zig-8,AWBL,127.6
zig-8,AWBR,127.6
zig-8,AWCL,1400.1
zig-8,AWCR,1400.1
zig-8,BAGL,3802.9
zig-8,BAGR,3802.9
zig-8,CEPDL,82.6
zig-8,CEPDR,82.6
zig-8,CEPVL,82.6
zig-8,CEPVR,82.6
zig-8,IL1DL,187.2
zig-8,IL1DR,187.2
zig-8,IL1L,187.2
zig-8,IL1R,187.2
zig-8,IL1VL,187.2
zig-8,IL1VR,187.2
zig-8,IL2DL,701.6
zig-8,IL2DR,701.6
zig-8,IL2L,701.6
zig-8,IL2R,701.6
zig-8,IL2VL,701.6
zig-8,IL2VR,701.6
zig-8,OLLL,322.0
zig-8,OLLR,322.0
zig-8,OLQDL,322.0
zig-8,OLQDR,322.0
zig-8,OLQVL,322.0
zig-8,OLQVR,322.0
zig-8,RIAL,271.0
zig-8,RIAR,271.0
zig-8,RIH,474.9
zig-8,RIML,9975.8
zig-8,RIMR,9975.8
zig-8,RIVL,62.5
zig-8,RIVR,62.5
zig-8,RMDDL,645.5
zig-8,RMDDR,645.5
zig-8,RMDL,645.5
zig-8,RMDR,645.5
zig-8,RMDVL,645.5
zig-8,RMDVR,645.5
zig-8,SIADL,96.6
zig-8,SIADR,96.6
zig-8,SIAVL,96.6
zig-8,SIAVR,96.6
zig-8,SIBDL,127.1
zig-8,SIBDR,127.1
zig-8,SIBVL,127.1
zig-8,SIBVR,127.1
zig-8,SMBDL,371.0
zig-8,SMBDR,371.0
zig-8,SMBVL,371.0
zig-8,SMBVR,371.0
zig-8,URBL,1319.6
zig-8,URBR,1319.6
zig-8,URXL,1375.1
zig-8,URXR,1375.1
zig-9,SMBDL,118.8
zig-9,SMBDR,118.8
zig-9,SMBVL,118.8
zig-9,SMBVR,118.8
zig-10,ADFL,221.7
zig-10,ADFR,221.7
zig-10,AIBL,163.5
zig-10,AIBR,163.5
zig-10,AINL,177.2
zig-10,AINR,177.2
zig-10,AUAL,45.6
zig-10,AUAR,45.6
zig-10,AWBL,146.2
zig-10,AWBR,146.2
zig-10,AWCL,58.2
zig-10,AWCR,58.2
zig-10,BAGL,125.6
zig-10,BAGR,125.6
zig-10,IL2DL,28.4
zig-10,IL2DR,28.4
zig-10,IL2L,28.4
zig-10,IL2R,28.4
zig-10,IL2VL,28.4
zig-10,IL2VR,28.4
zig-10,RIAL,103.0
zig-10,RIAR,103.0
zig-10,RIS,331.5
zig-10,RIVL,60.6
zig-10,RIVR,60.6
zig-10,SIADL,67.7
zig-10,SIADR,67.7
zig-10,SIAVL,67.7
zig-10,SIAVR,67.7
zig-10,SIBDL,151.8
zig-10,SIBDR,151.8
zig-10,SIBVL,151.8
zig-10,SIBVR,151.8
madd-4,AINL,2029.0
madd-4,AINR,2029.0
madd-4,AIYL,668.5
madd-4,AIYR,668.5
madd-4,ALA,1671.8
madd-4,ASEL,31.6
madd-4,ASER,31.6
madd-4,ASJL,399.3
madd-4,ASJR,399.3
madd-4,AUAL,1565.5
madd-4,AUAR,1565.5
madd-4,AVDL,225.5
madd-4,AVDR,225.5
madd-4,AVHL,2094.1
madd-4,AVHR,2094.1
madd-4,AVJL,640.2
madd-4,AVJR,640.2
madd-4,AVL,877.2
madd-4,AVL,877.2
madd-4,AWBL,65.9
madd-4,AWBR,65.9
madd-4,AWCL,96.8
madd-4,AWCR,96.8
madd-4,CEPDL,3651.3
madd-4,CEPDR,3651.3
madd-4,CEPVL,3651.3
madd-4,CEPVR,3651.3
madd-4,IL1DL,259.6
madd-4,IL1DR,259.6
madd-4,IL1L,259.6
madd-4,IL1R,259.6
madd-4,IL1VL,259.6
madd-4,IL1VR,259.6
madd-4,IL2DL,77.6
madd-4,IL2DR,77.6
madd-4,IL2L,77.6
madd-4,IL2R,77.6
madd-4,IL2VL,77.6
madd-4,IL2VR,77.6
madd-4,PVPL,273.4
madd-4,PVPR,273.4
madd-4,RIAL,8081.3
madd-4,RIAR,8081.3
madd-4,RIBL,1764.5
madd-4,RIBR,1764.5
madd-4,RICL,7854.2
madd-4,RICR,7854.2
madd-4,RIH,738.3
madd-4,RIML,17598.8
madd-4,RIMR,17598.8
madd-4,RIS,11522.2
madd-4,RIVL,1523.6
madd-4,RIVR,1523.6
madd-4,RMDDL,15887.4
madd-4,RMDDR,15887.4
madd-4,RMDL,15887.4
madd-4,RMDR,15887.4
madd-4,RMDVL,15887.4
madd-4,RMDVR,15887.4
madd-4,RMED,15332.1
madd-4,RMED,15332.1
madd-4,RMEL,15332.1
madd-4,RMER,15332.1
madd-4,RMEV,15332.1
madd-4,RMEV,15332.1
madd-4,SIADL,296.0
madd-4,SIADR,296.0
madd-4,SIAVL,296.0
madd-4,SIAVR,296.0
madd-4,SIBDL,2798.2
madd-4,SIBDR,2798.2
madd-4,SIBVL,2798.2
madd-4,SIBVR,2798.2
madd-4,SMBDL,901.1
madd-4,SMBDR,901.1
madd-4,SMBVL,901.1
madd-4,SMBVR,901.1
madd-4,SMDDL,2462.9
madd-4,SMDDR,2462.9
madd-4,SMDVL,2462.9
madd-4,SMDVR,2462.9
pxn-2,AVAL,55.0
pxn-2,AVAR,55.0
pxn-2,AWBL,29.8
pxn-2,AWBR,29.8
pxn-2,RICL,321.1
pxn-2,RICR,321.1
iglr-1,ADFL,47.2
iglr-1,ADFR,47.2
iglr-1,AVL,88.3
iglr-1,AVL,88.3
iglr-1,DVA,543.9
iglr-1,RIAL,1500.3
iglr-1,RIAR,1500.3
iglr-1,RIBL,649.9
iglr-1,RIBR,649.9
iglr-1,RIML,68.8
iglr-1,RIMR,68.8
iglr-1,RIVL,865.4
iglr-1,RIVR,865.4
iglr-1,RMDDL,890.5
iglr-1,RMDDR,890.5
iglr-1,RMDL,890.5
iglr-1,RMDR,890.5
iglr-1,RMDVL,890.5
iglr-1,RMDVR,890.5
iglr-1,SIADL,1289.5
iglr-1,SIADR,1289.5
iglr-1,SIAVL,1289.5
iglr-1,SIAVR,1289.5
iglr-1,SMBDL,339.0
iglr-1,SMBDR,339.0
iglr-1,SMBVL,339.0
iglr-1,SMBVR,339.0
iglr-1,SMDDL,482.5
iglr-1,SMDDR,482.5
iglr-1,SMDVL,482.5
iglr-1,SMDVR,482.5
iglr-2,ADEL,237.8
iglr-2,ADER,237.8
iglr-2,ADFL,324.0
iglr-2,ADFR,324.0
iglr-2,ADLL,282.4
iglr-2,ADLR,282.4
iglr-2,AFDL,204.2
iglr-2,AFDR,204.2
iglr-2,AIBL,232.9
iglr-2,AIBR,232.9
iglr-2,AINL,170.8
iglr-2,AINR,170.8
iglr-2,AIYL,264.1
iglr-2,AIYR,264.1
iglr-2,AIZL,254.0
iglr-2,AIZR,254.0
iglr-2,ALA,477.7
iglr-2,ASEL,221.6
iglr-2,ASER,221.6
iglr-2,ASGL,320.6
iglr-2,ASGR,320.6
iglr-2,ASHL,215.2
iglr-2,ASHR,215.2
iglr-2,ASIL,324.0
iglr-2,ASIR,324.0
iglr-2,ASJL,207.9
iglr-2,ASJR,207.9
iglr-2,ASKL,173.4
iglr-2,ASKR,173.4
iglr-2,AUAL,216.8
iglr-2,AUAR,216.8
iglr-2,AVAL,152.9
iglr-2,AVAR,152.9
iglr-2,AVBL,170.5
iglr-2,AVBR,170.5
iglr-2,AVDL,236.0
iglr-2,AVDR,236.0
iglr-2,AVEL,181.8
iglr-2,AVER,181.8
iglr-2,AVHL,295.8
iglr-2,AVHR,295.8
iglr-2,AVKL,266.1
iglr-2,AVKR,266.1
iglr-2,AVL,183.5
iglr-2,AVL,183.5
iglr-2,AWAL,212.3
iglr-2,AWAR,212.3
iglr-2,AWBL,66.8
iglr-2,AWBR,66.8
iglr-2,AWCL,246.0
iglr-2,AWCR,246.0
iglr-2,BAGL,169.9
iglr-2,BAGR,169.9
iglr-2,CEPDL,155.3
iglr-2,CEPDR,155.3
iglr-2,CEPVL,155.3
iglr-2,CEPVR,155.3
iglr-2,DVC,134.6
iglr-2,IL1DL,100.2
iglr-2,IL1DR,100.2
iglr-2,IL1L,100.2
iglr-2,IL1R,100.2
iglr-2,IL1VL,100.2
iglr-2,IL1VR,100.2
iglr-2,IL2DL,114.6
iglr-2,IL2DR,114.6
iglr-2,IL2L,114.6
iglr-2,IL2R,114.6
iglr-2,IL2VL,114.6
iglr-2,IL2VR,114.6
iglr-2,OLLL,247.5
iglr-2,OLLR,247.5
iglr-2,OLQDL,247.5
iglr-2,OLQDR,247.5
iglr-2,OLQVL,247.5
iglr-2,OLQVR,247.5
iglr-2,PVCL,343.9
iglr-2,PVCR,343.9
iglr-2,PVPL,199.0
iglr-2,PVPR,199.0
iglr-2,RIAL,142.8
iglr-2,RIAR,142.8
iglr-2,RIBL,208.1
iglr-2,RIBR,208.1
iglr-2,RICL,259.5
iglr-2,RICR,259.5
iglr-2,RIML,267.9
iglr-2,RIMR,267.9
iglr-2,RIS,200.4
iglr-2,RIVL,274.2
iglr-2,RIVR,274.2
iglr-2,RMDDL,298.2
iglr-2,RMDDR,298.2
iglr-2,RMDL,298.2
iglr-2,RMDR,298.2
iglr-2,RMDVL,298.2
iglr-2,RMDVR,298.2
iglr-2,RMED,324.6
iglr-2,RMED,324.6
iglr-2,RMEL,324.6
iglr-2,RMER,324.6
iglr-2,RMEV,324.6
iglr-2,RMEV,324.6
iglr-2,SIADL,154.9
iglr-2,SIADR,154.9
iglr-2,SIAVL,154.9
iglr-2,SIAVR,154.9
iglr-2,SIBDL,323.7
iglr-2,SIBDR,323.7
iglr-2,SIBVL,323.7
iglr-2,SIBVR,323.7
iglr-2,SMBDL,213.3
iglr-2,SMBDR,213.3
iglr-2,SMBVL,213.3
iglr-2,SMBVR,213.3
iglr-2,SMDDL,207.4
iglr-2,SMDDR,207.4
iglr-2,SMDVL,207.4
iglr-2,SMDVR,207.4
iglr-2,URXL,83.1
iglr-2,URXR,83.1
iglr-3,ADEL,114.2
iglr-3,ADER,114.2
iglr-3,AINL,394.5
iglr-3,AINR,394.5
iglr-3,AVKL,531.5
iglr-3,AVKR,531.5
iglr-3,AVL,1677.5
iglr-3,AVL,1677.5
iglr-3,CEPDL,62.3
iglr-3,CEPDR,62.3
iglr-3,CEPVL,62.3
iglr-3,CEPVR,62.3
iglr-3,IL1DL,198.5
iglr-3,IL1DR,198.5
iglr-3,IL1L,198.5
iglr-3,IL1R,198.5
iglr-3,IL1VL,198.5
iglr-3,IL1VR,198.5
iglr-3,IL2DL,542.7
iglr-3,IL2DR,542.7
iglr-3,IL2L,542.7
iglr-3,IL2R,542.7
iglr-3,IL2VL,542.7
iglr-3,IL2VR,542.7
iglr-3,OLLL,651.3
iglr-3,OLLR,651.3
iglr-3,OLQDL,651.3
iglr-3,OLQDR,651.3
iglr-3,OLQVL,651.3
iglr-3,OLQVR,651.3
iglr-3,RIH,1907.0
iglr-3,RIVL,52.5
iglr-3,RIVR,52.5
iglr-3,RMDDL,41.7
iglr-3,RMDDR,41.7
iglr-3,RMDL,41.7
iglr-3,RMDR,41.7
iglr-3,RMDVL,41.7
iglr-3,RMDVR,41.7
iglr-3,RMED,1084.1
iglr-3,RMED,1084.1
iglr-3,RMEL,1084.1
iglr-3,RMER,1084.1
iglr-3,RMEV,1084.1
iglr-3,RMEV,1084.1
iglr-3,SIBDL,82.4
iglr-3,SIBDR,82.4
iglr-3,SIBVL,82.4
iglr-3,SIBVR,82.4
iglr-3,SMBDL,559.0
iglr-3,SMBDR,559.0
iglr-3,SMBVL,559.0
iglr-3,SMBVR,559.0
slt-1,AWBL,30.7
slt-1,AWBR,30.7
slt-1,RIH,2210.6
tol-1,ADEL,416.5
tol-1,ADER,416.5
tol-1,ADLL,36.6
tol-1,ADLR,36.6
tol-1,AFDL,119.5
tol-1,AFDR,119.5
tol-1,AINL,177.6
tol-1,AINR,177.6
tol-1,ASEL,22.2
tol-1,ASER,22.2
tol-1,ASHL,89.8
tol-1,ASHR,89.8
tol-1,ASJL,108.5
tol-1,ASJR,108.5
tol-1,ASKL,223.3
tol-1,ASKR,223.3
tol-1,AUAL,332.1
tol-1,AUAR,332.1
tol-1,AVDL,256.0
tol-1,AVDR,256.0
tol-1,AVKL,519.6
tol-1,AVKR,519.6
tol-1,AVL,243.1
tol-1,AVL,243.1
tol-1,AWAL,36.3
tol-1,AWAR,36.3
tol-1,AWBL,357.2
tol-1,AWBR,357.2
tol-1,AWCL,174.7
tol-1,AWCR,174.7
tol-1,BAGL,32.1
tol-1,BAGR,32.1
tol-1,CEPDL,130.0
tol-1,CEPDR,130.0
tol-1,CEPVL,130.0
tol-1,CEPVR,130.0
tol-1,DVC,236.5
tol-1,IL1DL,80.8
tol-1,IL1DR,80.8
tol-1,IL1L,80.8
tol-1,IL1R,80.8
tol-1,IL1VL,80.8
tol-1,IL1VR,80.8
tol-1,IL2DL,81.7
tol-1,IL2DR,81.7
tol-1,IL2L,81.7
tol-1,IL2R,81.7
tol-1,IL2VL,81.7
tol-1,IL2VR,81.7
tol-1,OLLL,357.1
tol-1,OLLR,357.1
tol-1,OLQDL,357.1
tol-1,OLQDR,357.1
tol-1,OLQVL,357.1
tol-1,OLQVR,357.1
tol-1,PVPL,774.0
tol-1,PVPR,774.0
tol-1,RIH,268.7
tol-1,RIML,353.6
tol-1,RIMR,353.6
tol-1,RIS,956.1
tol-1,RIVL,349.1
tol-1,RIVR,349.1
tol-1,RMDDL,68.8
tol-1,RMDDR,68.8
tol-1,RMDL,68.8
tol-1,RMDR,68.8
tol-1,RMDVL,68.8
tol-1,RMDVR,68.8
tol-1,RMED,401.9
tol-1,RMED,401.9
tol-1,RMEL,401.9
tol-1,RMER,401.9
tol-1,RMEV,401.9
tol-1,RMEV,401.9
tol-1,SIADL,110.3
tol-1,SIADR,110.3
tol-1,SIAVL,110.3
tol-1,SIAVR,110.3
tol-1,SMBDL,94.1
tol-1,SMBDR,94.1
tol-1,SMBVL,94.1
tol-1,SMBVR,94.1
tol-1,URXL,95.3
tol-1,URXR,95.3
pan-1,ADEL,266.5
pan-1,ADER,266.5
pan-1,ADFL,194.3
pan-1,ADFR,194.3
pan-1,ADLL,170.7
pan-1,ADLR,170.7
pan-1,AFDL,210.0
pan-1,AFDR,210.0
pan-1,AIBL,276.6
pan-1,AIBR,276.6
pan-1,AINL,244.1
pan-1,AINR,244.1
pan-1,ASEL,277.5
pan-1,ASER,277.5
pan-1,ASGL,134.9
pan-1,ASGR,134.9
pan-1,ASHL,305.2
pan-1,ASHR,305.2
pan-1,ASIL,168.4
pan-1,ASIR,168.4
pan-1,ASJL,339.5
pan-1,ASJR,339.5
pan-1,ASKL,267.4
pan-1,ASKR,267.4
pan-1,AVAL,94.1
pan-1,AVAR,94.1
pan-1,AVBL,582.8
pan-1,AVBR,582.8
pan-1,AVDL,335.4
pan-1,AVDR,335.4
pan-1,AVEL,106.0
pan-1,AVER,106.0
pan-1,AVKL,273.1
pan-1,AVKR,273.1
pan-1,AVL,514.1
pan-1,AVL,514.1
pan-1,AWAL,197.9
pan-1,AWAR,197.9
pan-1,AWBL,362.2
pan-1,AWBR,362.2
pan-1,AWCL,149.3
pan-1,AWCR,149.3
pan-1,BAGL,376.2
pan-1,BAGR,376.2
pan-1,CEPDL,284.9
pan-1,CEPDR,284.9
pan-1,CEPVL,284.9
pan-1,CEPVR,284.9
pan-1,DVA,322.6
pan-1,DVC,241.6
pan-1,IL1DL,237.8
pan-1,IL1DR,237.8
pan-1,IL1L,237.8
pan-1,IL1R,237.8
pan-1,IL1VL,237.8
pan-1,IL1VR,237.8
pan-1,IL2DL,155.3
pan-1,IL2DR,155.3
pan-1,IL2L,155.3
pan-1,IL2R,155.3
pan-1,IL2VL,155.3
pan-1,IL2VR,155.3
pan-1,OLLL,445.3
pan-1,OLLR,445.3
pan-1,OLQDL,445.3
pan-1,OLQDR,445.3
pan-1,OLQVL,445.3
pan-1,OLQVR,445.3
pan-1,PVCL,288.8
pan-1,PVCR,288.8
pan-1,PVPL,230.2
pan-1,PVPR,230.2
pan-1,RIAL,375.3
pan-1,RIAR,375.3
pan-1,RIBL,359.2
pan-1,RIBR,359.2
pan-1,RICL,134.7
pan-1,RICR,134.7
pan-1,RIH,454.6
pan-1,RIML,361.8
pan-1,RIMR,361.8
pan-1,RIS,329.0
pan-1,RIVL,524.8
pan-1,RIVR,524.8
pan-1,RMDDL,237.7
pan-1,RMDDR,237.7
pan-1,RMDL,237.7
pan-1,RMDR,237.7
pan-1,RMDVL,237.7
pan-1,RMDVR,237.7
pan-1,RMED,263.4
pan-1,RMED,263.4
pan-1,RMEL,263.4
pan-1,RMER,263.4
pan-1,RMEV,263.4
pan-1,RMEV,263.4
pan-1,SIADL,441.5
pan-1,SIADR,441.5
pan-1,SIAVL,441.5
pan-1,SIAVR,441.5
pan-1,SIBDL,269.8
pan-1,SIBDR,269.8
pan-1,SIBVL,269.8
pan-1,SIBVR,269.8
pan-1,SMBDL,153.7
pan-1,SMBDR,153.7
pan-1,SMBVL,153.7
pan-1,SMBVR,153.7
pan-1,SMDDL,275.6
pan-1,SMDDR,275.6
pan-1,SMDVL,275.6
pan-1,SMDVR,275.6
pan-1,URXL,183.5
pan-1,URXR,183.5
dma-1,ADEL,3376.9
dma-1,ADER,3376.9
dma-1,ADLL,4466.8
dma-1,ADLR,4466.8
dma-1,AFDL,3664.9
dma-1,AFDR,3664.9
dma-1,AINL,1040.8
dma-1,AINR,1040.8
dma-1,AIYL,872.3
dma-1,AIYR,872.3
dma-1,AIZL,598.0
dma-1,AIZR,598.0
dma-1,ASHL,54.4
dma-1,ASHR,54.4
dma-1,ASKL,2935.5
dma-1,ASKR,2935.5
dma-1,AUAL,159.8
dma-1,AUAR,159.8
dma-1,AVDL,314.0
dma-1,AVDR,314.0
dma-1,AVKL,112.0
dma-1,AVKR,112.0
dma-1,AVL,968.8
dma-1,AVL,968.8
dma-1,AWBL,689.5
dma-1,AWBR,689.5
dma-1,AWCL,7997.4
dma-1,AWCR,7997.4
dma-1,BAGL,2614.7
dma-1,BAGR,2614.7
dma-1,DVC,567.5
dma-1,IL2DL,74.7
dma-1,IL2DR,74.7
dma-1,IL2L,74.7
dma-1,IL2R,74.7
dma-1,IL2VL,74.7
dma-1,IL2VR,74.7
dma-1,PVPL,502.0
dma-1,PVPR,502.0
dma-1,RIAL,1294.4
dma-1,RIAR,1294.4
dma-1,RIBL,371.6
dma-1,RIBR,371.6
dma-1,RICL,3233.9
dma-1,RICR,3233.9
dma-1,RIML,2892.8
dma-1,RIMR,2892.8
dma-1,RIVL,1103.9
dma-1,RIVR,1103.9
dma-1,RMDDL,141.1
dma-1,RMDDR,141.1
dma-1,RMDL,141.1
dma-1,RMDR,141.1
dma-1,RMDVL,141.1
dma-1,RMDVR,141.1
dma-1,RMED,53.9
dma-1,RMED,53.9
dma-1,RMEL,53.9
dma-1,RMER,53.9
dma-1,RMEV,53.9
dma-1,RMEV,53.9
dma-1,SIADL,5468.3
dma-1,SIADR,5468.3
dma-1,SIAVL,5468.3
dma-1,SIAVR,5468.3
dma-1,SIBDL,8849.0
dma-1,SIBDR,8849.0
dma-1,SIBVL,8849.0
dma-1,SIBVR,8849.0
dma-1,SMDDL,117.4
dma-1,SMDDR,117.4
dma-1,SMDVL,117.4
dma-1,SMDVR,117.4
dma-1,URBL,213.3
dma-1,URBR,213.3
dma-1,URXL,1494.7
dma-1,URXR,1494.7
lron-3,ADEL,874.8
lron-3,ADER,874.8
lron-3,ADFL,740.8
lron-3,ADFR,740.8
lron-3,ADLL,747.2
lron-3,ADLR,747.2
lron-3,AFDL,681.5
lron-3,AFDR,681.5
lron-3,AIBL,221.2
lron-3,AIBR,221.2
lron-3,AINL,1149.0
lron-3,AINR,1149.0
lron-3,AIYL,2481.6
lron-3,AIYR,2481.6
lron-3,AIZL,1340.1
lron-3,AIZR,1340.1
lron-3,ALA,399.4
lron-3,ASEL,289.6
lron-3,ASER,289.6
lron-3,ASGL,1674.7
lron-3,ASGR,1674.7
lron-3,ASHL,613.2
lron-3,ASHR,613.2
lron-3,ASIL,196.6
lron-3,ASIR,196.6
lron-3,ASJL,1079.3
lron-3,ASJR,1079.3
lron-3,ASKL,620.6
lron-3,ASKR,620.6
lron-3,AUAL,171.2
lron-3,AUAR,171.2
lron-3,AVAL,1979.7
lron-3,AVAR,1979.7
lron-3,AVBL,3286.8
lron-3,AVBR,3286.8
lron-3,AVDL,1171.6
lron-3,AVDR,1171.6
lron-3,AVEL,465.0
lron-3,AVER,465.0
lron-3,AVHL,797.0
lron-3,AVHR,797.0
lron-3,AVJL,1474.9
lron-3,AVJR,1474.9
lron-3,AVKL,868.0
lron-3,AVKR,868.0
lron-3,AVL,1754.8
lron-3,AVL,1754.8
lron-3,AWAL,1010.2
lron-3,AWAR,1010.2
lron-3,AWBL,903.9
lron-3,AWBR,903.9
lron-3,AWCL,273.6
lron-3,AWCR,273.6
lron-3,BAGL,1793.5
lron-3,BAGR,1793.5
lron-3,CEPDL,1865.1
lron-3,CEPDR,1865.1
lron-3,CEPVL,1865.1
lron-3,CEPVR,1865.1
lron-3,DVA,633.9
lron-3,DVC,506.5
lron-3,IL1DL,1034.8
lron-3,IL1DR,1034.8
lron-3,IL1L,1034.8
lron-3,IL1R,1034.8
lron-3,IL1VL,1034.8
lron-3,IL1VR,1034.8
lron-3,IL2DL,344.8
lron-3,IL2DR,344.8
lron-3,IL2L,344.8
lron-3,IL2R,344.8
lron-3,IL2VL,344.8
lron-3,IL2VR,344.8
lron-3,OLLL,1079.4
lron-3,OLLR,1079.4
lron-3,OLQDL,1079.4
lron-3,OLQDR,1079.4
lron-3,OLQVL,1079.4
lron-3,OLQVR,1079.4
lron-3,PVCL,1170.2
lron-3,PVCR,1170.2
lron-3,PVPL,126.5
lron-3,PVPR,126.5
lron-3,RIAL,442.0
lron-3,RIAR,442.0
lron-3,RIBL,1752.6
lron-3,RIBR,1752.6
lron-3,RICL,1244.8
lron-3,RICR,1244.8
lron-3,RIH,240.3
lron-3,RIML,1556.8
lron-3,RIMR,1556.8
lron-3,RIS,207.9
lron-3,RIVL,1444.9
lron-3,RIVR,1444.9
lron-3,RMED,266.2
lron-3,RMED,266.2
lron-3,RMEL,266.2
lron-3,RMER,266.2
lron-3,RMEV,266.2
lron-3,RMEV,266.2
lron-3,SIADL,643.8
lron-3,SIADR,643.8
lron-3,SIAVL,643.8
lron-3,SIAVR,643.8
lron-3,SIBDL,1861.5
lron-3,SIBDR,1861.5
lron-3,SIBVL,1861.5
lron-3,SIBVR,1861.5
lron-3,SMBDL,729.1
lron-3,SMBDR,729.1
lron-3,SMBVL,729.1
lron-3,SMBVR,729.1
lron-3,SMDDL,1038.2
lron-3,SMDDR,1038.2
lron-3,SMDVL,1038.2
lron-3,SMDVR,1038.2
lron-3,URBL,223.8
lron-3,URBR,223.8
lron-3,URXL,2140.8
lron-3,URXR,2140.8
lron-5,IL2DL,17.1
lron-5,IL2DR,17.1
lron-5,IL2L,17.1
lron-5,IL2R,17.1
lron-5,IL2VL,17.1
lron-5,IL2VR,17.1
lron-7,ADFL,29.5
lron-7,ADFR,29.5
lron-7,AFDL,111.0
lron-7,AFDR,111.0
lron-7,ASJL,53.1
lron-7,ASJR,53.1
lron-7,AVAL,33.5
lron-7,AVAR,33.5
lron-7,AVKL,28.6
lron-7,AVKR,28.6
lron-7,AWAL,41.8
lron-7,AWAR,41.8
lron-7,AWBL,42.2
lron-7,AWBR,42.2
lron-7,AWCL,49.4
lron-7,AWCR,49.4
lron-7,BAGL,22.0
lron-7,BAGR,22.0
lron-7,RIAL,80.6
lron-7,RIAR,80.6
lron-7,RIML,88.1
lron-7,RIMR,88.1
lron-7,RMED,35.1
lron-7,RMED,35.1
lron-7,RMEL,35.1
lron-7,RMER,35.1
lron-7,RMEV,35.1
lron-7,RMEV,35.1
lron-7,SIBDL,60.9
lron-7,SIBDR,60.9
lron-7,SIBVL,60.9
lron-7,SIBVR,60.9
lron-7,SMDDL,62.3
lron-7,SMDDR,62.3
lron-7,SMDVL,62.3
lron-7,SMDVR,62.3
lron-8,AVDL,302.1
lron-8,AVDR,302.1
lron-8,IL2DL,177.6
lron-8,IL2DR,177.6
lron-8,IL2L,177.6
lron-8,IL2R,177.6
lron-8,IL2VL,177.6
lron-8,IL2VR,177.6
lron-8,RMDDL,104.9
lron-8,RMDDR,104.9
lron-8,RMDL,104.9
lron-8,RMDR,104.9
lron-8,RMDVL,104.9
lron-8,RMDVR,104.9
lron-8,RMED,88.2
lron-8,RMED,88.2
lron-8,RMEL,88.2
lron-8,RMER,88.2
lron-8,RMEV,88.2
lron-8,RMEV,88.2
lron-8,URBL,602.1
lron-8,URBR,602.1
lron-9,SIADL,574.7
lron-9,SIADR,574.7
lron-9,SIAVL,574.7
lron-9,SIAVR,574.7
lron-10,ADLL,60.5
lron-10,ADLR,60.5
lron-10,ASEL,59.6
lron-10,ASER,59.6
lron-10,ASJL,56.9
lron-10,ASJR,56.9
lron-10,ASKL,111.7
lron-10,ASKR,111.7
lron-10,AVAL,66.1
lron-10,AVAR,66.1
lron-10,AVL,62.4
lron-10,AVL,62.4
lron-10,AWAL,52.3
lron-10,AWAR,52.3
lron-10,AWBL,101.4
lron-10,AWBR,101.4
lron-10,RICL,192.6
lron-10,RICR,192.6
lron-10,RIVL,1284.8
lron-10,RIVR,1284.8
lron-10,RMED,73.0
lron-10,RMED,73.0
lron-10,RMEL,73.0
lron-10,RMER,73.0
lron-10,RMEV,73.0
lron-10,RMEV,73.0
lron-10,SIBDL,100.6
lron-10,SIBDR,100.6
lron-10,SIBVL,100.6
lron-10,SIBVR,100.6
lron-10,SMBDL,135.4
lron-10,SMBDR,135.4
lron-10,SMBVL,135.4
lron-10,SMBVR,135.4
lron-10,URXL,83.1
lron-10,URXR,83.1
lron-11,ADEL,525.0
lron-11,ADER,525.0
lron-11,ASKL,44.3
lron-11,ASKR,44.3
lron-11,AVAL,464.7
lron-11,AVAR,464.7
lron-11,AVDL,44.4
lron-11,AVDR,44.4
lron-11,AVEL,281.1
lron-11,AVER,281.1
lron-11,AVHL,222.4
lron-11,AVHR,222.4
lron-11,AVKL,371.8
lron-11,AVKR,371.8
lron-11,AVL,517.4
lron-11,AVL,517.4
lron-11,AWAL,35.3
lron-11,AWAR,35.3
lron-11,IL2DL,19.9
lron-11,IL2DR,19.9
lron-11,IL2L,19.9
lron-11,IL2R,19.9
lron-11,IL2VL,19.9
lron-11,IL2VR,19.9
lron-11,RIML,513.8
lron-11,RIMR,513.8
lron-11,RMDDL,149.1
lron-11,RMDDR,149.1
lron-11,RMDL,149.1
lron-11,RMDR,149.1
lron-11,RMDVL,149.1
lron-11,RMDVR,149.1
lron-11,RMED,308.6
lron-11,RMED,308.6
lron-11,RMEL,308.6
lron-11,RMER,308.6
lron-11,RMEV,308.6
lron-11,RMEV,308.6
lron-11,SIADL,105.5
lron-11,SIADR,105.5
lron-11,SIAVL,105.5
lron-11,SIAVR,105.5
lron-11,SIBDL,291.7
lron-11,SIBDR,291.7
lron-11,SIBVL,291.7
lron-11,SIBVR,291.7
lron-11,SMBDL,270.9
lron-11,SMBDR,270.9
lron-11,SMBVL,270.9
lron-11,SMBVR,270.9
lron-11,SMDDL,262.8
lron-11,SMDDR,262.8
lron-11,SMDVL,262.8
lron-11,SMDVR,262.8
lron-12,AIBL,191.1
lron-12,AIBR,191.1
lron-12,ASJL,29.1
lron-12,ASJR,29.1
lron-13,AIBL,150.7
lron-13,AIBR,150.7
lron-13,AVAL,432.3
lron-13,AVAR,432.3
lron-13,AVBL,127.6
lron-13,AVBR,127.6
lron-13,AVJL,628.8
lron-13,AVJR,628.8
lron-13,AVL,61.7
lron-13,AVL,61.7
lron-13,OLLL,84.0
lron-13,OLLR,84.0
lron-13,OLQDL,84.0
lron-13,OLQDR,84.0
lron-13,OLQVL,84.0
lron-13,OLQVR,84.0
lron-13,RIAL,71.5
lron-13,RIAR,71.5
lron-13,RIML,137.0
lron-13,RIMR,137.0
lron-13,RMDDL,582.3
lron-13,RMDDR,582.3
lron-13,RMDL,582.3
lron-13,RMDR,582.3
lron-13,RMDVL,582.3
lron-13,RMDVR,582.3
lron-13,RMED,55.2
lron-13,RMED,55.2
lron-13,RMEL,55.2
lron-13,RMER,55.2
lron-13,RMEV,55.2
lron-13,RMEV,55.2
lron-13,SIADL,185.8
lron-13,SIADR,185.8
lron-13,SIAVL,185.8
lron-13,SIAVR,185.8
lron-13,SIBDL,515.7
lron-13,SIBDR,515.7
lron-13,SIBVL,515.7
lron-13,SIBVR,515.7
lron-13,SMBDL,142.1
lron-13,SMBDR,142.1
lron-13,SMBVL,142.1
lron-13,SMBVR,142.1
lron-13,SMDDL,2241.9
lron-13,SMDDR,2241.9
lron-13,SMDVL,2241.9
lron-13,SMDVR,2241.9
lron-15,AVEL,143.2
lron-15,AVER,143.2
sym-1,AUAL,237.1
sym-1,AUAR,237.1
sym-1,SIADL,190.7
sym-1,SIADR,190.7
sym-1,SIAVL,190.7
sym-1,SIAVR,190.7
hmr-1,ADEL,436.7
hmr-1,ADER,436.7
hmr-1,ADFL,609.7
hmr-1,ADFR,609.7
hmr-1,ADLL,208.8
hmr-1,ADLR,208.8
hmr-1,AFDL,747.8
hmr-1,AFDR,747.8
hmr-1,AIBL,357.9
hmr-1,AIBR,357.9
hmr-1,AINL,1346.2
hmr-1,AINR,1346.2
hmr-1,AIYL,287.3
hmr-1,AIYR,287.3
hmr-1,AIZL,617.2
hmr-1,AIZR,617.2
hmr-1,ALA,1103.3
hmr-1,ASEL,379.5
hmr-1,ASER,379.5
hmr-1,ASGL,359.2
hmr-1,ASGR,359.2
hmr-1,ASHL,760.7
hmr-1,ASHR,760.7
hmr-1,ASIL,428.5
hmr-1,ASIR,428.5
hmr-1,ASJL,121.7
hmr-1,ASJR,121.7
hmr-1,ASKL,197.8
hmr-1,ASKR,197.8
hmr-1,AUAL,463.9
hmr-1,AUAR,463.9
hmr-1,AVAL,1007.8
hmr-1,AVAR,1007.8
hmr-1,AVBL,544.8
hmr-1,AVBR,544.8
hmr-1,AVDL,982.8
hmr-1,AVDR,982.8
hmr-1,AVEL,361.3
hmr-1,AVER,361.3
hmr-1,AVHL,962.1
hmr-1,AVHR,962.1
hmr-1,AVJL,1267.7
hmr-1,AVJR,1267.7
hmr-1,AVKL,382.9
hmr-1,AVKR,382.9
hmr-1,AVL,1284.6
hmr-1,AVL,1284.6
hmr-1,AWAL,460.0
hmr-1,AWAR,460.0
hmr-1,AWBL,493.0
hmr-1,AWBR,493.0
hmr-1,AWCL,426.9
hmr-1,AWCR,426.9
hmr-1,BAGL,716.1
hmr-1,BAGR,716.1
hmr-1,CEPDL,295.6
hmr-1,CEPDR,295.6
hmr-1,CEPVL,295.6
hmr-1,CEPVR,295.6
hmr-1,DVA,573.5
hmr-1,DVC,347.4
hmr-1,IL1DL,345.5
hmr-1,IL1DR,345.5
hmr-1,IL1L,345.5
hmr-1,IL1R,345.5
hmr-1,IL1VL,345.5
hmr-1,IL1VR,345.5
hmr-1,IL2DL,291.1
hmr-1,IL2DR,291.1
hmr-1,IL2L,291.1
hmr-1,IL2R,291.1
hmr-1,IL2VL,291.1
hmr-1,IL2VR,291.1
hmr-1,OLLL,283.0
hmr-1,OLLR,283.0
hmr-1,OLQDL,283.0
hmr-1,OLQDR,283.0
hmr-1,OLQVL,283.0
hmr-1,OLQVR,283.0
hmr-1,PVCL,367.7
hmr-1,PVCR,367.7
hmr-1,PVPL,231.2
hmr-1,PVPR,231.2
hmr-1,RIAL,650.0
hmr-1,RIAR,650.0
hmr-1,RIBL,634.8
hmr-1,RIBR,634.8
hmr-1,RICL,137.2
hmr-1,RICR,137.2
hmr-1,RIH,505.2
hmr-1,RIML,284.4
hmr-1,RIMR,284.4
hmr-1,RIS,1043.5
hmr-1,RIVL,372.7
hmr-1,RIVR,372.7
hmr-1,RMDDL,1245.9
hmr-1,RMDDR,1245.9
hmr-1,RMDL,1245.9
hmr-1,RMDR,1245.9
hmr-1,RMDVL,1245.9
hmr-1,RMDVR,1245.9
hmr-1,RMED,448.0
hmr-1,RMED,448.0
hmr-1,RMEL,448.0
hmr-1,RMER,448.0
hmr-1,RMEV,448.0
hmr-1,RMEV,448.0
hmr-1,SIADL,416.8
hmr-1,SIADR,416.8
hmr-1,SIAVL,416.8
hmr-1,SIAVR,416.8
hmr-1,SIBDL,285.6
hmr-1,SIBDR,285.6
hmr-1,SIBVL,285.6
hmr-1,SIBVR,285.6
hmr-1,SMBDL,857.4
hmr-1,SMBDR,857.4
hmr-1,SMBVL,857.4
hmr-1,SMBVR,857.4
hmr-1,SMDDL,948.3
hmr-1,SMDDR,948.3
hmr-1,SMDVL,948.3
hmr-1,SMDVR,948.3
hmr-1,URXL,333.5
hmr-1,URXR,333.5
cdh-3,ADEL,95.8
cdh-3,ADER,95.8
cdh-3,ADFL,126.7
cdh-3,ADFR,126.7
cdh-3,ADLL,140.3
cdh-3,ADLR,140.3
cdh-3,AFDL,136.3
cdh-3,AFDR,136.3
cdh-3,ASEL,200.6
cdh-3,ASER,200.6
cdh-3,ASGL,131.2
cdh-3,ASGR,131.2
cdh-3,ASHL,179.7
cdh-3,ASHR,179.7
cdh-3,ASJL,109.7
cdh-3,ASJR,109.7
cdh-3,ASKL,124.9
cdh-3,ASKR,124.9
cdh-3,AWAL,143.4
cdh-3,AWAR,143.4
cdh-3,AWBL,173.3
cdh-3,AWBR,173.3
cdh-3,AWCL,42.3
cdh-3,AWCR,42.3
cdh-3,BAGL,27.4
cdh-3,BAGR,27.4
cdh-3,CEPDL,160.1
cdh-3,CEPDR,160.1
cdh-3,CEPVL,160.1
cdh-3,CEPVR,160.1
cdh-3,IL1DL,215.5
cdh-3,IL1DR,215.5
cdh-3,IL1L,215.5
cdh-3,IL1R,215.5
cdh-3,IL1VL,215.5
cdh-3,IL1VR,215.5
cdh-3,IL2DL,182.9
cdh-3,IL2DR,182.9
cdh-3,IL2L,182.9
cdh-3,IL2R,182.9
cdh-3,IL2VL,182.9
cdh-3,IL2VR,182.9
cdh-3,OLLL,179.9
cdh-3,OLLR,179.9
cdh-3,OLQDL,179.9
cdh-3,OLQDR,179.9
cdh-3,OLQVL,179.9
cdh-3,OLQVR,179.9
cdh-3,URXL,43.6
cdh-3,URXR,43.6
cdh-4,ADEL,108.7
cdh-4,ADER,108.7
cdh-4,ADFL,128.9
cdh-4,ADFR,128.9
cdh-4,ADLL,162.3
cdh-4,ADLR,162.3
cdh-4,AFDL,753.3
cdh-4,AFDR,753.3
cdh-4,AIBL,1076.2
cdh-4,AIBR,1076.2
cdh-4,AIYL,348.3
cdh-4,AIYR,348.3
cdh-4,AIZL,570.5
cdh-4,AIZR,570.5
cdh-4,ALA,1409.3
cdh-4,ASEL,236.7
cdh-4,ASER,236.7
cdh-4,ASGL,387.1
cdh-4,ASGR,387.1
cdh-4,ASHL,386.1
cdh-4,ASHR,386.1
cdh-4,ASIL,179.0
cdh-4,ASIR,179.0
cdh-4,ASJL,368.5
cdh-4,ASJR,368.5
cdh-4,ASKL,253.5
cdh-4,ASKR,253.5
cdh-4,AUAL,290.3
cdh-4,AUAR,290.3
cdh-4,AVAL,672.4
cdh-4,AVAR,672.4
cdh-4,AVBL,936.0
cdh-4,AVBR,936.0
cdh-4,AVDL,900.1
cdh-4,AVDR,900.1
cdh-4,AVEL,624.9
cdh-4,AVER,624.9
cdh-4,AVHL,462.2
cdh-4,AVHR,462.2
cdh-4,AVJL,1882.7
cdh-4,AVJR,1882.7
cdh-4,AVKL,524.8
cdh-4,AVKR,524.8
cdh-4,AVL,997.0
cdh-4,AVL,997.0
cdh-4,AWAL,186.2
cdh-4,AWAR,186.2
cdh-4,AWBL,269.7
cdh-4,AWBR,269.7
cdh-4,AWCL,326.7
cdh-4,AWCR,326.7
cdh-4,BAGL,675.9
cdh-4,BAGR,675.9
cdh-4,CEPDL,337.0
cdh-4,CEPDR,337.0
cdh-4,CEPVL,337.0
cdh-4,CEPVR,337.0
cdh-4,DVC,555.8
cdh-4,IL1DL,322.1
cdh-4,IL1DR,322.1
cdh-4,IL1L,322.1
cdh-4,IL1R,322.1
cdh-4,IL1VL,322.1
cdh-4,IL1VR,322.1
cdh-4,IL2DL,254.1
cdh-4,IL2DR,254.1
cdh-4,IL2L,254.1
cdh-4,IL2R,254.1
cdh-4,IL2VL,254.1
cdh-4,IL2VR,254.1
cdh-4,OLLL,241.0
cdh-4,OLLR,241.0
cdh-4,OLQDL,241.0
cdh-4,OLQDR,241.0
cdh-4,OLQVL,241.0
cdh-4,OLQVR,241.0
cdh-4,PVCL,442.8
cdh-4,PVCR,442.8
cdh-4,PVPL,1179.4
cdh-4,PVPR,1179.4
cdh-4,RIAL,715.1
cdh-4,RIAR,715.1
cdh-4,RIBL,217.9
cdh-4,RIBR,217.9
cdh-4,RICL,237.8
cdh-4,RICR,237.8
cdh-4,RIH,992.9
cdh-4,RIML,551.1
cdh-4,RIMR,551.1
cdh-4,RIS,311.6
cdh-4,RIVL,502.7
cdh-4,RIVR,502.7
cdh-4,RMDDL,574.7
cdh-4,RMDDR,574.7
cdh-4,RMDL,574.7
cdh-4,RMDR,574.7
cdh-4,RMDVL,574.7
cdh-4,RMDVR,574.7
cdh-4,RMED,212.8
cdh-4,RMED,212.8
cdh-4,RMEL,212.8
cdh-4,RMER,212.8
cdh-4,RMEV,212.8
cdh-4,RMEV,212.8
cdh-4,SIADL,545.7
cdh-4,SIADR,545.7
cdh-4,SIAVL,545.7
cdh-4,SIAVR,545.7
cdh-4,SIBDL,385.8
cdh-4,SIBDR,385.8
cdh-4,SIBVL,385.8
cdh-4,SIBVR,385.8
cdh-4,SMBDL,939.5
cdh-4,SMBDR,939.5
cdh-4,SMBVL,939.5
cdh-4,SMBVR,939.5
cdh-4,SMDDL,519.6
cdh-4,SMDDR,519.6
cdh-4,SMDVL,519.6
cdh-4,SMDVR,519.6
cdh-4,URBL,459.1
cdh-4,URBR,459.1
cdh-4,URXL,271.9
cdh-4,URXR,271.9
fmi-1,ADEL,2573.8
fmi-1,ADER,2573.8
fmi-1,ADFL,1889.7
fmi-1,ADFR,1889.7
fmi-1,ADLL,674.8
fmi-1,ADLR,674.8
fmi-1,AFDL,1764.4
fmi-1,AFDR,1764.4
fmi-1,AIBL,2837.8
fmi-1,AIBR,2837.8
fmi-1,AINL,3748.6
fmi-1,AINR,3748.6
fmi-1,AIYL,6522.0
fmi-1,AIYR,6522.0
fmi-1,AIZL,2137.3
fmi-1,AIZR,2137.3
fmi-1,ALA,1243.3
fmi-1,ASEL,983.5
fmi-1,ASER,983.5
fmi-1,ASGL,2031.0
fmi-1,ASGR,2031.0
fmi-1,ASHL,1376.6
fmi-1,ASHR,1376.6
fmi-1,ASIL,1118.0
fmi-1,ASIR,1118.0
fmi-1,ASJL,1154.5
fmi-1,ASJR,1154.5
fmi-1,ASKL,1074.4
fmi-1,ASKR,1074.4
fmi-1,AUAL,776.9
fmi-1,AUAR,776.9
fmi-1,AVAL,2787.6
fmi-1,AVAR,2787.6
fmi-1,AVBL,1647.8
fmi-1,AVBR,1647.8
fmi-1,AVDL,4120.1
fmi-1,AVDR,4120.1
fmi-1,AVEL,3411.2
fmi-1,AVER,3411.2
fmi-1,AVHL,739.7
fmi-1,AVHR,739.7
fmi-1,AVJL,3335.3
fmi-1,AVJR,3335.3
fmi-1,AVKL,4640.3
fmi-1,AVKR,4640.3
fmi-1,AVL,3055.6
fmi-1,AVL,3055.6
fmi-1,AWAL,1487.5
fmi-1,AWAR,1487.5
fmi-1,AWBL,1845.2
fmi-1,AWBR,1845.2
fmi-1,AWCL,2064.1
fmi-1,AWCR,2064.1
fmi-1,BAGL,1124.8
fmi-1,BAGR,1124.8
fmi-1,CEPDL,540.3
fmi-1,CEPDR,540.3
fmi-1,CEPVL,540.3
fmi-1,CEPVR,540.3
fmi-1,DVA,549.4
fmi-1,DVC,2248.3
fmi-1,IL1DL,1265.0
fmi-1,IL1DR,1265.0
fmi-1,IL1L,1265.0
fmi-1,IL1R,1265.0
fmi-1,IL1VL,1265.0
fmi-1,IL1VR,1265.0
fmi-1,IL2DL,872.1
fmi-1,IL2DR,872.1
fmi-1,IL2L,872.1
fmi-1,IL2R,872.1
fmi-1,IL2VL,872.1
fmi-1,IL2VR,872.1
fmi-1,OLLL,624.9
fmi-1,OLLR,624.9
fmi-1,OLQDL,624.9
fmi-1,OLQDR,624.9
fmi-1,OLQVL,624.9
fmi-1,OLQVR,624.9
fmi-1,PVCL,3991.8
fmi-1,PVCR,3991.8
fmi-1,PVPL,2644.6
fmi-1,PVPR,2644.6
fmi-1,RIAL,3094.5
fmi-1,RIAR,3094.5
fmi-1,RIBL,578.8
fmi-1,RIBR,578.8
fmi-1,RICL,2896.3
fmi-1,RICR,2896.3
fmi-1,RIH,2903.2
fmi-1,RIML,3778.2
fmi-1,RIMR,3778.2
fmi-1,RIS,2872.1
fmi-1,RIVL,2731.5
fmi-1,RIVR,2731.5
fmi-1,RMDDL,4360.9
fmi-1,RMDDR,4360.9
fmi-1,RMDL,4360.9
fmi-1,RMDR,4360.9
fmi-1,RMDVL,4360.9
fmi-1,RMDVR,4360.9
fmi-1,RMED,2309.2
fmi-1,RMED,2309.2
fmi-1,RMEL,2309.2
fmi-1,RMER,2309.2
fmi-1,RMEV,2309.2
fmi-1,RMEV,2309.2
fmi-1,SIADL,1803.0
fmi-1,SIADR,1803.0
fmi-1,SIAVL,1803.0
fmi-1,SIAVR,1803.0
fmi-1,SIBDL,5536.8
fmi-1,SIBDR,5536.8
fmi-1,SIBVL,5536.8
fmi-1,SIBVR,5536.8
fmi-1,SMBDL,2819.9
fmi-1,SMBDR,2819.9
fmi-1,SMBVL,2819.9
fmi-1,SMBVR,2819.9
fmi-1,SMDDL,530.8
fmi-1,SMDDR,530.8
fmi-1,SMDVL,530.8
fmi-1,SMDVR,530.8
fmi-1,URBL,1771.6
fmi-1,URBR,1771.6
fmi-1,URXL,1070.9
fmi-1,URXR,1070.9
casy-1,ADEL,482.0
casy-1,ADER,482.0
casy-1,ADFL,654.6
casy-1,ADFR,654.6
casy-1,ADLL,658.9
casy-1,ADLR,658.9
casy-1,AFDL,199.1
casy-1,AFDR,199.1
casy-1,AIBL,1616.0
casy-1,AIBR,1616.0
casy-1,AINL,2205.4
casy-1,AINR,2205.4
casy-1,AIYL,2855.8
casy-1,AIYR,2855.8
casy-1,AIZL,945.3
casy-1,AIZR,945.3
casy-1,ALA,543.3
casy-1,ASEL,437.4
casy-1,ASER,437.4
casy-1,ASGL,250.8
casy-1,ASGR,250.8
casy-1,ASHL,602.5
casy-1,ASHR,602.5
casy-1,ASIL,176.0
casy-1,ASIR,176.0
casy-1,ASJL,432.5
casy-1,ASJR,432.5
casy-1,ASKL,371.9
casy-1,ASKR,371.9
casy-1,AUAL,845.3
casy-1,AUAR,845.3
casy-1,AVAL,490.3
casy-1,AVAR,490.3
casy-1,AVBL,967.5
casy-1,AVBR,967.5
casy-1,AVDL,792.2
casy-1,AVDR,792.2
casy-1,AVEL,400.5
casy-1,AVER,400.5
casy-1,AVHL,879.2
casy-1,AVHR,879.2
casy-1,AVJL,2108.1
casy-1,AVJR,2108.1
casy-1,AVKL,476.4
casy-1,AVKR,476.4
casy-1,AVL,1304.9
casy-1,AVL,1304.9
casy-1,AWAL,629.7
casy-1,AWAR,629.7
casy-1,AWBL,746.5
casy-1,AWBR,746.5
casy-1,AWCL,424.4
casy-1,AWCR,424.4
casy-1,BAGL,435.2
casy-1,BAGR,435.2
casy-1,CEPDL,793.9
casy-1,CEPDR,793.9
casy-1,CEPVL,793.9
casy-1,CEPVR,793.9
casy-1,DVA,762.8
casy-1,DVC,939.3
casy-1,IL1DL,1253.8
casy-1,IL1DR,1253.8
casy-1,IL1L,1253.8
casy-1,IL1R,1253.8
casy-1,IL1VL,1253.8
casy-1,IL1VR,1253.8
casy-1,IL2DL,596.8
casy-1,IL2DR,596.8
casy-1,IL2L,596.8
casy-1,IL2R,596.8
casy-1,IL2VL,596.8
casy-1,IL2VR,596.8
casy-1,OLLL,600.8
casy-1,OLLR,600.8
casy-1,OLQDL,600.8
casy-1,OLQDR,600.8
casy-1,OLQVL,600.8
casy-1,OLQVR,600.8
casy-1,PVCL,1992.7
casy-1,PVCR,1992.7
casy-1,PVPL,1168.0
casy-1,PVPR,1168.0
casy-1,RIAL,2613.6
casy-1,RIAR,2613.6
casy-1,RIBL,1566.2
casy-1,RIBR,1566.2
casy-1,RICL,138.5
casy-1,RICR,138.5
casy-1,RIH,378.8
casy-1,RIML,1610.0
casy-1,RIMR,1610.0
casy-1,RIS,6255.4
casy-1,RIVL,555.7
casy-1,RIVR,555.7
casy-1,RMDDL,1365.4
casy-1,RMDDR,1365.4
casy-1,RMDL,1365.4
casy-1,RMDR,1365.4
casy-1,RMDVL,1365.4
casy-1,RMDVR,1365.4
casy-1,RMED,380.2
casy-1,RMED,380.2
casy-1,RMEL,380.2
casy-1,RMER,380.2
casy-1,RMEV,380.2
casy-1,RMEV,380.2
casy-1,SIADL,1548.4
casy-1,SIADR,1548.4
casy-1,SIAVL,1548.4
casy-1,SIAVR,1548.4
casy-1,SIBDL,1306.0
casy-1,SIBDR,1306.0
casy-1,SIBVL,1306.0
casy-1,SIBVR,1306.0
casy-1,SMBDL,1848.1
casy-1,SMBDR,1848.1
casy-1,SMBVL,1848.1
casy-1,SMBVR,1848.1
casy-1,SMDDL,3391.2
casy-1,SMDDR,3391.2
casy-1,SMDVL,3391.2
casy-1,SMDVR,3391.2
casy-1,URBL,623.6
casy-1,URBR,623.6
casy-1,URXL,627.6
casy-1,URXR,627.6
cdh-1,IL2DL,48.5
cdh-1,IL2DR,48.5
cdh-1,IL2L,48.5
cdh-1,IL2R,48.5
cdh-1,IL2VL,48.5
cdh-1,IL2VR,48.5
cdh-1,RIVL,158.2
cdh-1,RIVR,158.2
cdh-1,RMED,198.0
cdh-1,RMED,198.0
cdh-1,RMEL,198.0
cdh-1,RMER,198.0
cdh-1,RMEV,198.0
cdh-1,RMEV,198.0
cdh-1,SMBDL,220.4
cdh-1,SMBDR,220.4
cdh-1,SMBVL,220.4
cdh-1,SMBVR,220.4
cdh-1,SMDDL,162.4
cdh-1,SMDDR,162.4
cdh-1,SMDVL,162.4
cdh-1,SMDVR,162.4
cdh-1,URBL,325.8
cdh-1,URBR,325.8
cdh-1,URXL,91.0
cdh-1,URXR,91.0
cdh-8,ADLL,4.2
cdh-8,ADLR,4.2
cdh-8,AIBL,202.6
cdh-8,AIBR,202.6
cdh-8,ASEL,78.2
cdh-8,ASER,78.2
cdh-8,ASGL,783.7
cdh-8,ASGR,783.7
cdh-8,ASJL,122.4
cdh-8,ASJR,122.4
cdh-8,ASKL,44.6
cdh-8,ASKR,44.6
cdh-8,AVEL,44.9
cdh-8,AVER,44.9
cdh-8,AWAL,116.8
cdh-8,AWAR,116.8
cdh-8,RICL,1827.5
cdh-8,RICR,1827.5
cdh-8,RMDDL,1008.5
cdh-8,RMDDR,1008.5
cdh-8,RMDL,1008.5
cdh-8,RMDR,1008.5
cdh-8,RMDVL,1008.5
cdh-8,RMDVR,1008.5
cdh-8,SIBDL,1017.2
cdh-8,SIBDR,1017.2
cdh-8,SIBVL,1017.2
cdh-8,SIBVR,1017.2
cdh-8,URXL,702.4
cdh-8,URXR,702.4
cdh-9,AINL,1270.1
cdh-9,AINR,1270.1
cdh-9,AIYL,2113.3
cdh-9,AIYR,2113.3
cdh-9,ALA,346.2
cdh-9,ASHL,181.6
cdh-9,ASHR,181.6
cdh-9,ASKL,389.6
cdh-9,ASKR,389.6
cdh-9,AVAL,36.9
cdh-9,AVAR,36.9
cdh-9,AVBL,434.2
cdh-9,AVBR,434.2
cdh-9,AVDL,270.6
cdh-9,AVDR,270.6
cdh-9,AVEL,1293.1
cdh-9,AVER,1293.1
cdh-9,AVKL,777.7
cdh-9,AVKR,777.7
cdh-9,AVL,578.8
cdh-9,AVL,578.8
cdh-9,AWBL,34.8
cdh-9,AWBR,34.8
cdh-9,CEPDL,166.3
cdh-9,CEPDR,166.3
cdh-9,CEPVL,166.3
cdh-9,CEPVR,166.3
cdh-9,IL1DL,344.9
cdh-9,IL1DR,344.9
cdh-9,IL1L,344.9
cdh-9,IL1R,344.9
cdh-9,IL1VL,344.9
cdh-9,IL1VR,344.9
cdh-9,IL2DL,33.1
cdh-9,IL2DR,33.1
cdh-9,IL2L,33.1
cdh-9,IL2R,33.1
cdh-9,IL2VL,33.1
cdh-9,IL2VR,33.1
cdh-9,OLLL,183.5
cdh-9,OLLR,183.5
cdh-9,OLQDL,183.5
cdh-9,OLQDR,183.5
cdh-9,OLQVL,183.5
cdh-9,OLQVR,183.5
cdh-9,RIAL,292.6
cdh-9,RIAR,292.6
cdh-9,RIH,189.5
cdh-9,RIML,89.2
cdh-9,RIMR,89.2
cdh-9,RIS,1369.0
cdh-9,RMDDL,95.5
cdh-9,RMDDR,95.5
cdh-9,RMDL,95.5
cdh-9,RMDR,95.5
cdh-9,RMDVL,95.5
cdh-9,RMDVR,95.5
cdh-9,RMED,521.1
cdh-9,RMED,521.1
cdh-9,RMEL,521.1
cdh-9,RMER,521.1
cdh-9,RMEV,521.1
cdh-9,RMEV,521.1
cdh-9,SIADL,185.2
cdh-9,SIADR,185.2
cdh-9,SIAVL,185.2
cdh-9,SIAVR,185.2
cdh-9,SIBDL,429.7
cdh-9,SIBDR,429.7
cdh-9,SIBVL,429.7
cdh-9,SIBVR,429.7
cdh-9,SMBDL,724.9
cdh-9,SMBDR,724.9
cdh-9,SMBVL,724.9
cdh-9,SMBVR,724.9
cdh-9,SMDDL,414.4
cdh-9,SMDDR,414.4
cdh-9,SMDVL,414.4
cdh-9,SMDVR,414.4
cdh-12,ASEL,92.4
cdh-12,ASER,92.4
cdh-12,ASJL,18.2
cdh-12,ASJR,18.2
cdh-12,BAGL,83.8
cdh-12,BAGR,83.8
Y37E11AL.6,ADEL,392.5
Y37E11AL.6,ADER,392.5
Y37E11AL.6,ADFL,106.7
Y37E11AL.6,ADFR,106.7
Y37E11AL.6,ADLL,42.1
Y37E11AL.6,ADLR,42.1
Y37E11AL.6,AFDL,142.2
Y37E11AL.6,AFDR,142.2
Y37E11AL.6,AIYL,1175.4
Y37E11AL.6,AIYR,1175.4
Y37E11AL.6,ASEL,80.0
Y37E11AL.6,ASER,80.0
Y37E11AL.6,ASGL,437.7
Y37E11AL.6,ASGR,437.7
Y37E11AL.6,ASJL,228.4
Y37E11AL.6,ASJR,228.4
Y37E11AL.6,AUAL,240.9
Y37E11AL.6,AUAR,240.9
Y37E11AL.6,AVL,88.5
Y37E11AL.6,AVL,88.5
Y37E11AL.6,AWBL,388.2
Y37E11AL.6,AWBR,388.2
Y37E11AL.6,BAGL,1234.9
Y37E11AL.6,BAGR,1234.9
Y37E11AL.6,CEPDL,877.9
Y37E11AL.6,CEPDR,877.9
Y37E11AL.6,CEPVL,877.9
Y37E11AL.6,CEPVR,877.9
Y37E11AL.6,IL1DL,63.2
Y37E11AL.6,IL1DR,63.2
Y37E11AL.6,IL1L,63.2
Y37E11AL.6,IL1R,63.2
Y37E11AL.6,IL1VL,63.2
Y37E11AL.6,IL1VR,63.2
Y37E11AL.6,IL2DL,323.1
Y37E11AL.6,IL2DR,323.1
Y37E11AL.6,IL2L,323.1
Y37E11AL.6,IL2R,323.1
Y37E11AL.6,IL2VL,323.1
Y37E11AL.6,IL2VR,323.1
Y37E11AL.6,OLLL,251.1
Y37E11AL.6,OLLR,251.1
Y37E11AL.6,OLQDL,251.1
Y37E11AL.6,OLQDR,251.1
Y37E11AL.6,OLQVL,251.1
Y37E11AL.6,OLQVR,251.1
Y37E11AL.6,RIBL,325.5
Y37E11AL.6,RIBR,325.5
Y37E11AL.6,RMED,103.0
Y37E11AL.6,RMED,103.0
Y37E11AL.6,RMEL,103.0
Y37E11AL.6,RMER,103.0
Y37E11AL.6,RMEV,103.0
Y37E11AL.6,RMEV,103.0
Y37E11AL.6,SMDDL,28.7
Y37E11AL.6,SMDDR,28.7
Y37E11AL.6,SMDVL,28.7
Y37E11AL.6,SMDVR,28.7
Y37E11AL.6,URXL,104.9
Y37E11AL.6,URXR,104.9
nrx-1,ADLL,27.7
nrx-1,ADLR,27.7
nrx-1,AIZL,437.3
nrx-1,AIZR,437.3
nrx-1,ALA,269.2
nrx-1,ASEL,446.2
nrx-1,ASER,446.2
nrx-1,AUAL,111.7
nrx-1,AUAR,111.7
nrx-1,AVAL,68.0
nrx-1,AVAR,68.0
nrx-1,AVKL,175.3
nrx-1,AVKR,175.3
nrx-1,AWCL,578.1
nrx-1,AWCR,578.1
nrx-1,BAGL,167.3
nrx-1,BAGR,167.3
nrx-1,CEPDL,487.4
nrx-1,CEPDR,487.4
nrx-1,CEPVL,487.4
nrx-1,CEPVR,487.4
nrx-1,IL1DL,45.9
nrx-1,IL1DR,45.9
nrx-1,IL1L,45.9
nrx-1,IL1R,45.9
nrx-1,IL1VL,45.9
nrx-1,IL1VR,45.9
nrx-1,IL2DL,197.4
nrx-1,IL2DR,197.4
nrx-1,IL2L,197.4
nrx-1,IL2R,197.4
nrx-1,IL2VL,197.4
nrx-1,IL2VR,197.4
nrx-1,RIAL,676.2
nrx-1,RIAR,676.2
nrx-1,RICL,132.5
nrx-1,RICR,132.5
nrx-1,RIH,228.9
nrx-1,RIVL,412.6
nrx-1,RIVR,412.6
nrx-1,RMDDL,517.4
nrx-1,RMDDR,517.4
nrx-1,RMDL,517.4
nrx-1,RMDR,517.4
nrx-1,RMDVL,517.4
nrx-1,RMDVR,517.4
nrx-1,RMED,392.1
nrx-1,RMED,392.1
nrx-1,RMEL,392.1
nrx-1,RMER,392.1
nrx-1,RMEV,392.1
nrx-1,RMEV,392.1
nrx-1,SIADL,456.1
nrx-1,SIADR,456.1
nrx-1,SIAVL,456.1
nrx-1,SIAVR,456.1
nrx-1,SMBDL,180.7
nrx-1,SMBDR,180.7
nrx-1,SMBVL,180.7
nrx-1,SMBVR,180.7
nrx-1,SMDDL,947.9
nrx-1,SMDDR,947.9
nrx-1,SMDVL,947.9
nrx-1,SMDVR,947.9
nrx-1,URXL,110.1
nrx-1,URXR,110.1
nlr-1,ADEL,1002.0
nlr-1,ADER,1002.0
nlr-1,ADLL,331.7
nlr-1,ADLR,331.7
nlr-1,AFDL,47.3
nlr-1,AFDR,47.3
nlr-1,AIBL,171.9
nlr-1,AIBR,171.9
nlr-1,AINL,163.8
nlr-1,AINR,163.8
nlr-1,AIYL,1199.3
nlr-1,AIYR,1199.3
nlr-1,ASEL,322.5
nlr-1,ASER,322.5
nlr-1,ASHL,123.0
nlr-1,ASHR,123.0
nlr-1,ASIL,339.8
nlr-1,ASIR,339.8
nlr-1,ASJL,21.4
nlr-1,ASJR,21.4
nlr-1,AUAL,249.0
nlr-1,AUAR,249.0
nlr-1,AVAL,333.0
nlr-1,AVAR,333.0
nlr-1,AVBL,331.2
nlr-1,AVBR,331.2
nlr-1,AVDL,167.3
nlr-1,AVDR,167.3
nlr-1,AVHL,251.2
nlr-1,AVHR,251.2
nlr-1,AVJL,607.0
nlr-1,AVJR,607.0
nlr-1,AVKL,65.7
nlr-1,AVKR,65.7
nlr-1,AVL,132.0
nlr-1,AVL,132.0
nlr-1,AWAL,354.9
nlr-1,AWAR,354.9
nlr-1,AWBL,162.1
nlr-1,AWBR,162.1
nlr-1,BAGL,73.5
nlr-1,BAGR,73.5
nlr-1,CEPDL,1731.7
nlr-1,CEPDR,1731.7
nlr-1,CEPVL,1731.7
nlr-1,CEPVR,1731.7
nlr-1,DVC,824.7
nlr-1,IL1DL,524.8
nlr-1,IL1DR,524.8
nlr-1,IL1L,524.8
nlr-1,IL1R,524.8
nlr-1,IL1VL,524.8
nlr-1,IL1VR,524.8
nlr-1,IL2DL,424.8
nlr-1,IL2DR,424.8
nlr-1,IL2L,424.8
nlr-1,IL2R,424.8
nlr-1,IL2VL,424.8
nlr-1,IL2VR,424.8
nlr-1,OLLL,46.7
nlr-1,OLLR,46.7
nlr-1,OLQDL,46.7
nlr-1,OLQDR,46.7
nlr-1,OLQVL,46.7
nlr-1,OLQVR,46.7
nlr-1,PVPL,285.9
nlr-1,PVPR,285.9
nlr-1,RIAL,268.9
nlr-1,RIAR,268.9
nlr-1,RIBL,422.3
nlr-1,RIBR,422.3
nlr-1,RICL,142.1
nlr-1,RICR,142.1
nlr-1,RIH,127.9
nlr-1,RIML,217.4
nlr-1,RIMR,217.4
nlr-1,RIVL,397.5
nlr-1,RIVR,397.5
nlr-1,RMDDL,112.6
nlr-1,RMDDR,112.6
nlr-1,RMDL,112.6
nlr-1,RMDR,112.6
nlr-1,RMDVL,112.6
nlr-1,RMDVR,112.6
nlr-1,RMED,593.0
nlr-1,RMED,593.0
nlr-1,RMEL,593.0
nlr-1,RMER,593.0
nlr-1,RMEV,593.0
nlr-1,RMEV,593.0
nlr-1,SIADL,102.2
nlr-1,SIADR,102.2
nlr-1,SIAVL,102.2
nlr-1,SIAVR,102.2
nlr-1,SIBDL,273.0
nlr-1,SIBDR,273.0
nlr-1,SIBVL,273.0
nlr-1,SIBVR,273.0
nlr-1,SMBDL,563.4
nlr-1,SMBDR,563.4
nlr-1,SMBVL,563.4
nlr-1,SMBVR,563.4
nlr-1,SMDDL,398.3
nlr-1,SMDDR,398.3
nlr-1,SMDVL,398.3
nlr-1,SMDVR,398.3
nlr-1,URXL,87.4
nlr-1,URXR,87.4
bam-2,ADEL,92.9
bam-2,ADER,92.9
bam-2,ADLL,16.0
bam-2,ADLR,16.0
bam-2,IL2DL,30.0
bam-2,IL2DR,30.0
bam-2,IL2L,30.0
bam-2,IL2R,30.0
bam-2,IL2VL,30.0
bam-2,IL2VR,30.0
bam-2,RMED,139.5
bam-2,RMED,139.5
bam-2,RMEL,139.5
bam-2,RMER,139.5
bam-2,RMEV,139.5
bam-2,RMEV,139.5
bam-2,SMBDL,95.1
bam-2,SMBDR,95.1
bam-2,SMBVL,95.1
bam-2,SMBVR,95.1
bam-2,URXL,74.8
bam-2,URXR,74.8
lat-1,ADLL,44.6
lat-1,ADLR,44.6
lat-1,AINL,606.6
lat-1,AINR,606.6
lat-1,AIYL,981.0
lat-1,AIYR,981.0
lat-1,AIZL,246.6
lat-1,AIZR,246.6
lat-1,ALA,361.7
lat-1,ASEL,336.1
lat-1,ASER,336.1
lat-1,ASIL,340.8
lat-1,ASIR,340.8
lat-1,ASJL,58.9
lat-1,ASJR,58.9
lat-1,ASKL,158.4
lat-1,ASKR,158.4
lat-1,AUAL,302.2
lat-1,AUAR,302.2
lat-1,AVAL,1026.4
lat-1,AVAR,1026.4
lat-1,AVBL,1277.1
lat-1,AVBR,1277.1
lat-1,AVDL,100.0
lat-1,AVDR,100.0
lat-1,AVHL,719.4
lat-1,AVHR,719.4
lat-1,AWBL,137.7
lat-1,AWBR,137.7
lat-1,AWCL,78.2
lat-1,AWCR,78.2
lat-1,BAGL,564.5
lat-1,BAGR,564.5
lat-1,CEPDL,180.3
lat-1,CEPDR,180.3
lat-1,CEPVL,180.3
lat-1,CEPVR,180.3
lat-1,IL1DL,318.9
lat-1,IL1DR,318.9
lat-1,IL1L,318.9
lat-1,IL1R,318.9
lat-1,IL1VL,318.9
lat-1,IL1VR,318.9
lat-1,IL2DL,433.7
lat-1,IL2DR,433.7
lat-1,IL2L,433.7
lat-1,IL2R,433.7
lat-1,IL2VL,433.7
lat-1,IL2VR,433.7
lat-1,OLLL,70.8
lat-1,OLLR,70.8
lat-1,OLQDL,70.8
lat-1,OLQDR,70.8
lat-1,OLQVL,70.8
lat-1,OLQVR,70.8
lat-1,PVPL,457.6
lat-1,PVPR,457.6
lat-1,RIAL,688.0
lat-1,RIAR,688.0
lat-1,RIBL,180.5
lat-1,RIBR,180.5
lat-1,RICL,1227.6
lat-1,RICR,1227.6
lat-1,RIH,445.1
lat-1,RIML,284.5
lat-1,RIMR,284.5
lat-1,RIVL,259.5
lat-1,RIVR,259.5
lat-1,RMDDL,201.5
lat-1,RMDDR,201.5
lat-1,RMDL,201.5
lat-1,RMDR,201.5
lat-1,RMDVL,201.5
lat-1,RMDVR,201.5
lat-1,RMED,125.7
lat-1,RMED,125.7
lat-1,RMEL,125.7
lat-1,RMER,125.7
lat-1,RMEV,125.7
lat-1,RMEV,125.7
lat-1,SIADL,357.2
lat-1,SIADR,357.2
lat-1,SIAVL,357.2
lat-1,SIAVR,357.2
lat-1,SIBDL,156.6
lat-1,SIBDR,156.6
lat-1,SIBVL,156.6
lat-1,SIBVR,156.6
lat-1,SMBDL,636.7
lat-1,SMBDR,636.7
lat-1,SMBVL,636.7
lat-1,SMBVR,636.7
lat-1,URBL,542.0
lat-1,URBR,542.0
lat-1,URXL,126.0
lat-1,URXR,126.0
nlg-1,ADFL,368.2
nlg-1,ADFR,368.2
nlg-1,ASEL,14.2
nlg-1,ASER,14.2
nlg-1,ASKL,24.5
nlg-1,ASKR,24.5
nlg-1,AVBL,1224.0
nlg-1,AVBR,1224.0
nlg-1,RMDDL,69.9
nlg-1,RMDDR,69.9
nlg-1,RMDL,69.9
nlg-1,RMDR,69.9
nlg-1,RMDVL,69.9
nlg-1,RMDVR,69.9
nlg-1,SMDDL,154.0
nlg-1,SMDDR,154.0
nlg-1,SMDVL,154.0
nlg-1,SMDVR,154.0
glit-1,ADFL,32.0
glit-1,ADFR,32.0
glit-1,ASJL,20.2
glit-1,ASJR,20.2
glit-1,BAGL,19.7
glit-1,BAGR,19.7
glit-1,IL1DL,36.5
glit-1,IL1DR,36.5
glit-1,IL1L,36.5
glit-1,IL1R,36.5
glit-1,IL1VL,36.5
glit-1,IL1VR,36.5
glit-1,IL2DL,57.1
glit-1,IL2DR,57.1
glit-1,IL2L,57.1
glit-1,IL2R,57.1
glit-1,IL2VL,57.1
glit-1,IL2VR,57.1
