ADAL,AVAL,AVAR
ADEL,RMDL,RMDR
AIAL,AWCL,AWCR
AIAL,ASEL,ASER
AIBL,SAADL,SAADR
AINL,BAGL,BAGR
AINL,AUAR,AUAL
AINL,RIBR,RIBL
AINL,AFDR,AFDL
AIYL,AIZL,AIZR
AIZL,SMBDL,SMBDR
AIZL,AVER,AVEL
AIZL,ASEL,ASER
ASEL,AIBL,AIBR
ASEL,AIAL,AIAR
ASEL,AIYL,AIYR
ASHL,AVDR,AVDL
ASKL,AIAL,AIAR
AVFL,AVBL,AVBR
AVJL,PVCR,PVCL
AWCL,ASIL,ASIR
AWCL,AIYL,AIYR
BAGL,RIBR,RIBL
BAGL,AVAR,AVAL
CEPDL,RMHR,RMHL
FLPL,ADEL,ADER
IL1L,RMDR,RMDL
IL1L,RMDDL,RMDDR
IL2L,RMDR,RMDL
OLLL,RMDVL,RMDVR
OLLL,SMDVR,SMDVL
OLLL,SMDDR,SMDDL
OLQDL,RMDDR,RMDDL
OLQDL,RICR,RICL
OLQVL,RICL,RICR
PVCL,AVER,AVEL
PVCL,AVDR,AVDL
RIAL,SIADL,SIADR
RIAL,RIVR,RIVL
RIBL,SMDVR,SMDVL
RIBL,BAGR,BAGL
RICL,SMDVR,SMDVL
RICL,SMBDL,SMBDR
RIFL,AVJR,AVJL
RIGL,AVKR,AVKL
RIGL,AVEL,AVER
RIML,RIBL,RIBR
RIML,SMDVL,SMDVR
RIML,AIBR,AIBL
RIVL,SMDVL,SMDVR
RIVL,RIAR,RIAL
RMDDL,RMDVR,RMDVL
RMDL,RMDVR,RMDVL
RMDL,IL1R,IL1L
RMDVL,RMDDR,RMDDL
RMFL,RMDR,RMDL
RMGL,RMDVL,RMDVR
RMHL,RMDR,RMDL
SAADL,AVAL,AVAR
SAAVL,SMDDR,SMDDL
SAAVL,AVAL,AVAR
SDQL,AVAR,AVAL
SMBDL,SAAVR,SAAVL
SMBVL,SAADL,SAADR
SMDDL,RIML,RIMR
SMDDL,SMDVR,SMDVL
SMDVL,SMDDR,SMDDL
URAVL,RMER,RMEL
URBL,RICR,RICL
URXL,RICL,RICR
